Segment ID,Source Segment,MT Target Segment,Post-edited Target,Translated Target,Segment Length,Post-edit Time(ms),Segment Origin,Edit Effort
1,[HEADLINE] El CIS otorga a Susana Díaz una amplia mayoría en las elecciones andaluzas,CIS는 Susana Díaz에게 안달루시아 선거에서 대다수를 준다.,CIS는 Susana Díaz에게 안달루시아 선거 권한의 대다수를 부여하였다. ,,14,145880.0,El País,20
2,[SUB-HEADLINE] La encuesta sitúa a la coalición de Podemos e IU en segundo lugar y anticipa un empate técnico entre PP y Ciudadanos,이 설문 조사는 Podemos와 IU의 연합을 두 번째 장소에두고 PP와 Citizens 사이의 기술적 인 관계를 예상합니다,,"이 여론조사는 Podemos 당과 IU 당의 연합당이 두 번째로 큰 정당으로 위치 시키고, PP 당과 Ciudadanos 당 사이의 기술적인 유대 관계를 예견한다. ",23,664170.0,El País,46
3,"La presidenta de la Junta de Andalucía, Susana Díaz, ganaría las próximas elecciones autonómicas con más de 10 puntos de ventaja, pero lejos de la mayoría absoluta (55 escaños de un total de 109), según la encuesta hecha pública este miércoles por el Centro de Investigaciones Sociológicas (CIS). ","유다 데 안달루시아 (Susana Díaz) 의장은 다음 주 지방 선거에서 10 점 이상의 우위를 점할 것으로 예상했지만, 이번 수요일에 센터에 의해 공개 된 설문 조사에 따르면, 절대 다수 (109 개 가운데 55 석) 사회학 연구 (CIS).","이번 수요일 사회학연구소(CIS)에서 공개한 설문 조사에 따르면, 안달루시아 지방 의회의 의장인 Susana Díaz는 다음 지방선거에서 10점 이상의 우위를 점할 것으로 예상했지만, 절대 다수(총 109석 가운데 55 석)에 해당되지 않았다. ",,47,417440.0,El País,75
4,"La candidata socialista obtendría el 37,41% de los votos y entre 45 y 47 escaños. ",사회당 후보는 37.41 %의 표와 45 ~ 47 표의 표를 얻는다. ,,이 사회당 후보는 37.41%의 표를 받아서 45석과 47석 사이를 차지할 것이다. ,15,155380.0,El País,40
5,Esta última cifra coincide con el número de diputados que el PSOE tiene en la actualidad. ,이 마지막 숫자는 PSOE가 현재 보유한 대리인의 숫자와 일치합니다. ,이 수치는 PSOE가 현재 보유하고 있는 의원의 숫자와 일치한다. ,,16,45190.0,El País,38
6,"Con estos resultados, y si no hubiera bloqueos, Díaz podría aspirar a desarrollar lo que ella ha denominado ""gobierno de banda ancha"", que le permitiría dirigir la Junta en minoría con apoyos puntuales de distintas fuerzas políticas.","이러한 결과와 함께 장애가없는 경우 Díaz는 그녀가 ""광대역 정부""라고 부른 것을 발전 시켜서 그녀가 다른 정치 세력으로부터 특별한 지원을받는 소수 민족위원회를 이끌 수있게 할 수있었습니다.",,"이러한 결과와 함께, 이변이 없는 한, Díaz는 본인이 선언한 '광대역 정부'를 발전시킬 수 있을 것이다. 이 광대역 정부는 다른 정당들의 면밀한 지원을 통해 안달루시아 지방 의회를 소수 집단으로 운영할 수 있다. ",37,755480.0,El País,59
7,"La batalla se juega en el terreno del segundo puesto, donde las tres formaciones principales, PP, Adelante Andalucía —la confluencia entre Podemos e IU— y Ciudadanos llegan muy igualadas, según el sondeo. ","이 전투는 2 위의 지형에서 진행되는데 PP, Adelante Andalucía (Podemos와 IU- 시민들의 합류는 매우 평평하다.","이번 정치적 대치는 두 번째로 중요한 정치적 지형에서 일어났는데, 조사에 따르면, 이는 주요 세 정당들이(PP, Podemos와 IU 연합당인 Adelante Andalucía, Ciudadanos) 매우 동등한 위치에 있는 곳이다. ",,32,887570.0,El País,66
8,"En cuanto a porcentaje de sufragios, la coalición de izquierdas liderada por Teresa Rodríguez se situaría en segunda posición, con un 19,34%;",투표율에 대해서는 테레사 로드리게스 (Teresa Rodríguez)가 이끄는 좌파 연합이 19.34 %로 2 위에 올랐다.,,"다른 투표율의 경우, Teresa Rodríguez 가 이끄는 여당 연합은 19.34%로 2위에 올랐다. ",22,172070.0,El País,36
9,"pero mantendría 20 escaños, la cifra que actualmente suman los diputados de ambas formaciones en el Parlamento (15 Podemos y 5 IU).",그러나 의회의 두 대의 대의원이 현재 추가로 (15 개의 Podemos와 5 개의 IU) 추가하는 20 석을 유지할 것입니다.,"그러나 현 의회의 두 정당의 의원들을(Podemos 15석, IU 5석) 추가하면 20 석을 유지할 것입니다.",,22,194240.0,El País,41
10,"Quienes mantienen un empate técnico son PP y Ciudadanos, los primeros con un 18,66% de voto y el segundo con un 18,55%, que se traduce en idéntico número de representantes en el Parlamento andaluz: una horquilla que va de los 20 a los 22.","기술적 인 관계를 유지하는 사람들은 PP와 시민이며, 18.66 %의 투표권을 가진 첫 번째 사람과 18.55 %의 사람인 두 번째 사람은 안달루시아 의회 의원과 같은 수의 사람으로 번역됩니다. 머리말은 20 22시에",,"전략적인 유대 관계를 유지하는 PP와 Ciudadanos 중, PP는 18.66%, Ciudadanos는 18.55%를 차지하였다. 이는 안달루시아 의회의 대표자들과 동일한 수치로서, 기존 20석에서 22석이 된다. ",44,491480.0,El País,72
11,"La principal novedad es la irrupción de VOX, que con un 3,17% de los votos, obtendría por primera vez representación en España, con un escaño en el Parlamento andaluz por la provincia de Almería. ",가장 주목할만한 사실은 투표의 3.17 %로 알 메리아 지방에 대한 안달루시아 의회 (Andalusian Parliament) 의석을 보유한 스페인 최초의 대표권을 얻게 될 복스 (VOX)의 침범이다.,"가장 주목할만한 사실은 3.17 %를 받은 VOX의 등장이다. 안달루시아 의회(Andalusian Parliament)에서 알메리아 지방을 대변하는 의석 하나를 보유하여, 스페인에서 최초로 대표권을 얻게 되었다. ",,34,246500.0,El País,50
12,"En los anteriores comicios autonómicos, el partido de extrema derecha quedó en novena posición, por detrás de UPyD, que vuelve a presentarse en estas elecciones en todas las provincias, el ahora disuelto Partido Andalucista y PACMA, que también tiene candidaturas en todas las circunscripciones.","이전의 지방 선거에서 맨 오른쪽 파티는 UPyD 뒤에서 9 번째 위치에 있었고, 모든 주에서 선거로 돌아 왔고, 지금은 해체 된 Andalusian Party와 PACMA도 모든 선거구에서 후보가되었습니다.",,"이전 지방 선거에서 극우당은 UPyD, Partido Andalucista, PACMA 의 뒤를 이어 9위에 머물렀다. UPyD는 모든 주에서 이번 선거에 다시 출마하고, 현재 해산된 Partido Andalucista와 PACMA 또한 모든 지역에서 후보를 가지고 있다. ",44,596770.0,El País,62
13,"La encuesta del CIS no ha despejado las dudas sobre quién ostentará el cetro de la derecha en Andalucía, si Ciudadanos o PP. ",CIS에 대한 조사는 시민이나 PP 여부에 관계없이 안달루시아에서 누가 권리를 보유 할 것인가에 대한 의구심을 해소하지 못했다. ,CIS의 조사는 Ciudadanos와 PP 중 누가 안달루시아에서 누가 야당의 권력을 가지게 될 지에 대한 의문을 해소하지 못하였다. ,,23,213400.0,El País,50
14,"Si bien Ciudadanos no acaba de dar su anhelado sorpasso, los datos del sondeo evidencian un avance muy significativo en relación con los resultados de las autonómicas de 2015, donde obtuvieron nueve escaños. ",시민들이 열광한 sorpasso를 제공하는 것만은 아니지만 설문 조사 데이터는 2015 년 자치 결과 9 개를 차지한 결과와 관련하여 매우 중요한 진전을 보였습니다. ,,"비록 Ciudadanos 가 갈망하던 진전을 성취하지 못하였으나, 이번 조사 결과는 2015년 지방선거에서 9석에 그친 것에 비하여 매우 중요한 진척을 이룬 것을 입증하였다. ",33,658300.0,El País,67
15,"El partido de Albert Rivera obtendría representación en todas las provincias, con un avance muy significativo en Cádiz, donde pasaría de 1 a 3 o 4. ",앨버트 리베라 (Albert Rivera)의 당은 카디스에서 매우 중요한 진보와 함께 모든 지역에서 대표권을 얻었으며 카디스는 1에서 3 또는 4로 넘어갔습니다.,앨버트 리베라(Albert Rivera)의 당은 1석에서 3 또는 4석을 보유하면서 카디스에서 매우 중요한 진보와 함께 모든 지역에서 대표권을 얻었다. ,,26,75750.0,El País,52
16,"La lectura para el PP no es tan positiva ya que, de confirmarse la proyección del estudio preelectoral, el 2 de diciembre supondría una bajada de entre 13 y 11 diputados, un desplome del que se benefician Ciudadanos y Vox. ",예비 선거 연구 계획이 확정되면 12 월 2 일에 시민과 복스에게 혜택을주는 붕괴가 13 명에서 11 명으로 감소 할 것이기 때문에 PP에 대한 독서가 그렇게 긍정적이지는 않습니다.,,PP에 대한 해석은 그다지 긍정적이지 않다. 사전 선거 연구가 확정되면 12월 2일 Ciudadanos와 Vox로 인하여 13 의원에서 11 의원으로 감소할 것이기 때문이다.  ,40,275640.0,El País,81
17,Los populares pierden escaños en las ocho circunscripciones.,인기는 8 개 지구의 좌석을 잃어 버린다.,공화당원들은 선거구 8개에서 의석을 잃게 된다.,,8,91260.0,El País,65
18,"La coalición de Adelante Andalucía se coloca como segunda fuerza política en porcentaje de voto, pero, sin llegar repetir la mala experiencia de la confluencia entre Podemos e IU a nivel nacional, en Andalucía ambas formaciones juntas no suman más que por separado y, de acuerdo con el CIS, mantendrían los 20 escaños que ya tienen en la actualidad, por lo que no sacarían rédito por el flanco de la izquierda del desgaste del PSOE.","Adelante Andalucía 연합은 투표의 비율로 두 번째 정치 세력으로 배치되지만 안달루시아에서 Podemos와 IU 간의 합류에 대한 나쁜 경험을 되풀이하지 않고 두 가지 형성은 함께 개별적으로 추가하지 않으며 CIS와 함께, 그들은 이미 가지고있는 20 석을 유지할 것이므로 PSOE 착용의 왼쪽 측면에 대해 돈을받지 않을 것입니다.",,"투표율에 따르면, Adelante Andalucía 연합당은 두 번째로 강력한 정치 세력으로 자리 잡았다. 그러나 중앙정부 차원에서 Podemos와 IU의 합류로 인한 나쁜 경험을 되풀이하지 않고, 안달루시아 지방 의회에서 의석을 개별적으로 추가하지 않은 채 20 석을 유지할 것이라는 것이 CIS의 조사 결과이다. PSOE의 소멸된 좌파 측에서 이익을 받지 않을 것이기 때문이다. ",75,844010.0,El País,50
19,"Ni la última legislatura ni los casi 40 años de Gobiernos socialistas continuados parecen haber horadado las expectativas electorales del PSOE de cara a la cita electoral del 2 de diciembre, justo lo contrario que le ocurre al PP. ",마지막 입법부와 거의 40 년 동안 지속 된 사회주의 정부 모두 12 월 2 일 선거를 앞두고 PS에 대한 선거 기대를 뚫지 못했다. ,"12월 2일 선거를 앞두고, 마지막 입법기와 거의 40 년 동안 지속 된 사회주의 정부 모두 PSOE의 선거에 대한 기대를 충족시키지 못한 것으로 보인다. 그 기대는 PP가 거둔 결과와 정반대의 것이었다. ",,39,494430.0,El País,55
20,"Díaz, no obstante, debería obtener el respaldo de Adelante Andalucía o de Ciudadanos para repetir mandato. ",그러나 디아즈는 아 델란 테 안달루시아 (Adelante Andalucía) 또는 시우 다다 노 (Ciudadanos)의 지원을 받아 위임을 반복해야한다. ,,"한편, Díaz는 향후 재선을 위하여 Adelante Andalucía 또는 Ciudadanos의 지원을 받아야 한다. ",16,116910.0,El País,43
21,"Hasta ahora, los de Rivera se han mantenido firmes en su intención de no volver a apoyar bajo ningún concepto a la dirigente socialista. ",지금까지 리베라는 어떤 식 으로든 사회주의 지도자를지지하지 않을 것이라는 확고한 견해를 유지해 왔습니다.,지금까지 리베라의 당원들은 사회주의 지도자를 결코 다시는 지지하지 않을 것이라는 확고한 견해를 유지해 왔습니다.,,24,86780.0,El País,27
22,"Desde la coalición de izquierdas también son claros en que no permitirán un Ejecutivo de derechas ante un eventual pacto PP y Ciudadanos, y mantienen el discurso beligerante contra el “régimen del PSOE y el susanismo”. ","좌파 연립 정부로부터 그들은 최종 PP와 시민 협정 전에 권리 집행을 허용하지 않으며 ""PSOE 정권과 수사 니즘""에 대한 호전적인 담론을 유지할 것임을 분명히했다.",,"여당 연합 측 또한 PP와 Ciudadanos의 일시적인/돌발적인 협정에 대해 야당/우파의 집행권을 허용하지 않겠다는 입장을 명백히 밝히고, 'PSOE와 수사니즘(Susana Díaz 정권) 체제'에 대한 공격적인 담론을 유지할 것이다. ",36,384320.0,El País,67
23,"De acabar segundos el 2 de diciembre, serán determinantes para la elección de la presidenta.",12 월 2 일에 두 번째를 마치면 대통령 선거에 결정적인 역할을 할 것입니다.,"12월 2일 선거에서 두 번째 자리에 그치면서, 대통령 선거에 결정적인 역할을 할 것입니다.",,15,352230.0,El País,23
24,"[MINI-TITLE] Un 58,4% quiere un cambio de Gobierno",58.4 % 정부 변화를 원한다.,,58.4%는 정부의 변화를 원한다. ,8,20520.0,El País,20
25,"Pese a que el PSOE volvería a ganar las elecciones, la valoración de los votantes respecto de la gestión de los socialistas en esta última legislatura es mayoritariamente regular (39,8%), mala (27,9%) o muy mala (15,2%). ","PSOE가 다시 선거에서 승리 할지라도,이 마지막 기간에 사회 주의자들의 관리에 관한 유권자 평가는 대부분 규칙적 (39.8 %), 나쁜 (27.9 %) 또는 매우 나쁘다 (15, 2 %).","PSOE가 선거에서 다시 승리 할지라도, 이 마지막 입법기에 사회주의자들의 업무 운용에 관한 유권자 평가는 대부분 보통 (39.8 %), 나쁜 (27.9 %) 또는 매우 나쁘다 (15, 2 %)로 나타났다. ",,36,226850.0,El País,22
26,"Poco más de la mitad de los andaluces, 58,4%, cree que sería bueno un cambio de Gobierno en la comunidad, después de casi cuatro décadas con el PSOE al mando. ",안달루시아 인 중 절반 이상 (58.4 %)은 PSOE를 담당 한 거의 40 년 후 공동체에서 정부의 변화가 좋을 것이라고 생각한다.,,PSOE가 거의 40년을 이끌어 온 안달루시아 지역의 주민의 절반 조금 이상인 58.4%가 이번 정권 교체에 대하여 호감을 표하였다. ,30,104540.0,El País,82
27,Un 26% de los encuestados no tiene decidido aún a quién votará.,응답자의 26 %는 투표 대상자를 아직 결정하지 않았습니다.,응답자의 26 %는 투표 대상자를 아직 결정하지 않았습니다.,,12,10860.0,El País,0
28,La campaña andaluza arrancará el viernes 16 de noviembre a las 00.00 con la encuesta preelectoral como telón de fondo y se antoja determinante para disipar las dudas que arroja el CIS. ,안달루시안 캠페인은 11 월 16 일 금요일 00:00에 예비 선거 조사를 배경으로 시작되며 CIS가 제기 한 의구심을 없애는 결정적인 요인으로 보인다. ,,"11월 16일 금요일 자정, 안달루시아 캠페인은 배경 자료로서 사전 선거 조사를 시행할 것이다. CIS가 던진 의문을 해소하는 데 결정적일 것으로 보인다. ",32,225540.0,El País,63
29,"Para los partidos estas elecciones son la antesala de lo que puede suceder en las próximas citas con las urnas (municipales, autonómicas, europeas e incluso generales). ","당사자들에게이 선거는 여론 조사 (시, 지역, 유럽 및 심지어 일반)에서 예정된 약속에서 일어날 수있는 일의 서곡입니다. ","이번 선거는 당원들에게 다른 선거들(시, 주, 유럽, 심지어 총선)에서 일어날 수 있는 사건들의 전조이다.",,26,216980.0,El País,60
30,"Los líderes nacionales, incluido el de Vox, van a volcarse de lleno para arañar unos resultados que permitan mantener sus expectativas. ",Vox를 포함한 전국 지도자들은 자신들이 기대치를 유지할 수 있도록 결과를 뒤집기 위해 전복하려고합니다. ,,Vox를 포함한 전국의 지도자들은 그들의 기대치를 유지할 수 있는 결과를 얻기 위해 전력을 다할 것이다. ,21,204360.0,El País,27
31,"Para cuatro de cada 10 encuestados, los máximos responsables de los partidos influyen bastante a la hora de votar. ",응답자 10 명 중 4 명에 대해서는 당사자 대표가 투표 할 때 큰 영향력을 행사합니다. ,"응답자 10 명 중 4 명의 경우, 투표할 때 각 당들의 최고 대표들이 큰 영향력을 행사합니다. ",,19,110460.0,El País,37
32,"En estas últimas semanas y pese al interés de Díaz de que solo se hable de los problemas andaluces, todos han querido introducir los asuntos de la actualidad política en clave nacional.",지난 몇 주간 그리고 디아즈가 안달루시아 문제에 대해서만 이야기하는 것에 관심을 갖고 있음에도 불구하고 모든 사람들은 정치적 시사 문제를 국가 핵심 용어로 소개하기를 원했습니다. ,,"최근 몇 주 동안, 안달루시아의 문제만을 거론하고 있는 Díaz의 관심에도 불구하고, 스페인 전국적 차원에서 핵심적인 정치적 현실의 이슈들을 제시하기를 원하고 있다. ",32,148830.0,El País,65
33,"Sin embargo, para el 56,4% de los electores de la comunidad, lo más importante a la hora de elegir la papeleta serán los temas propios de Andalucía.",그러나 지역 사회 유권자의 56.4 %가 안달루시아의 대상이 될 것입니다.,그러나 안달루시아 유권자의 56.4 %는 투표 용지를 선택한 순간 가장 중요한 사안은 안달루시아만의 주제가 될 것입니다. ,,27,121160.0,El País,51
34,"Respecto de los líderes políticos, la candidata socialista y presidenta de la Junta, Susana Díaz, es la más conocida y la más valorada con una nota de un 4,1. ","정치 지도자들에 관해서, 사회주의 후보자이자 이사회 의장 인 Susana Díaz는 4.1 등급으로 가장 잘 알려져 있고 가장 가치가 있습니다. ",,"정치 지도자들, 사회주의 유권자, 의장 Susana Díaz의 경우, 가장 잘 알려지고 가장 가치 있다고 평가 받아 4.1점을 기록하였다. ",29,192660.0,El País,56
35,El resto de los aspirantes a dirigir la comunidad también suspenden. ,공동체를 이끌어 나갈 다른 유망주들도 일시 중지합니다. ,공동체를 이끌어 나갈 다른 지원자들도 보류하고 있다. ,,11,68230.0,El País,32
36,"El líder regional de Ciudadanos, Juan Marín, y el coordinador general de IU en Andalucía y número dos de Adelante Andalucía, Antonio Maíllo, obtienen una calificación de 3,5, seguidos de la cabeza de lista por la confluencia de izquierdas, Teresa Rodríguez, con un 3,4, y el candidato popular, Juan Manuel Moreno, 3,1. ","후안 마린과 안달루시아 IU 총지배인 인 아델란테 안달루시아 (Andelucía), 안토니오 메이 올로 (Antonio Maíllo)의 지역 지도자는 3.5 점을 얻었고 왼쪽의 합류점 인 테레사 로드리게스 (Teresa Rodríguez) 3.4, 인기 후보 인 후안 마누엘 모레노 (3.1).",,"Ciudadanos의 지역 지도자인 Juan Marín과 안달루시아의 IU 총 책임자이자 Adelante Andalucía의 2인자인 Antonio Maíllo는 3.5점을 받았다. 뒤 이어 좌파의 합류로 후보자 리스트의 선두주자가 된 Teresa Rodríguez는 3.4점, 공화당 후보자 Juan Manuel Moreno는 3.1점을 얻었다. ",52,183030.0,El País,64
37,"Cuatro años después de su aparición en la política andaluza, Marín continúa siendo el político menos conocido.",안달루시안 정치에 출마 한 지 4 년 후 마린은 계속 정치인으로 알려지지 않았다.,안달루시아의 정권에 출마 한 지 4 년 후 마린은 정치인으로서 지명도가 가장 낮다. ,,17,41570.0,El País,34
38,El Parlamento andaluz está compuesto actualmente por 109 diputados repartidos entre los cinco grupos parlamentarios que lograron representación en las elecciones de 2015. ,안달루시안 의회는 현재 2015 년 선거에서 대의원을 얻은 5 명의 의원들로 구성된 109 명의 의원들로 구성됩니다.,,안달루시아 의회는 현재 2015년 선거 결과 대표로 당선된 5개 국회로 나뉘는 의원 109명으로 구성되어 있다. ,23,92910.0,El País,50
39,El PSOE logró 47 diputados;,PSOE는 47 명의 대리인을 확보했습니다.,PSOE는 의원 47명을 확보했습니다.,,5,13010.0,El País,33
40,le sigue el PP que consiguió 33. ,그 다음에는 33 점을 얻은 PP가 나옵니다.,,"뒤이어 PP는 33명을, ",7,14050.0,El País,80
41,"Podemos obtuvo 15 diputados, mientras Ciudadanos e IU obtuvieron nueve y cinco respectivamente. ",Ciudadanos와 IU가 각각 9 점과 5 점을 얻은 동안 우리는 15 명의 대리인을 얻을 수 있습니다.,"Ciudadanos와 IU가 각각 9명과 5명을 확보한 가운데, Podemos는 15명을 얻을 수 있습니다.",,13,29490.0,El País,38
42,La campaña electoral finalizará el viernes 30 de noviembre. ,선거 운동은 11 월 30 일 금요일에 끝납니다.,,선거 캠페인은 11월 30일 금요일에 마무리될 것이다,9,11330.0,El País,44
43,"La sesión constitutiva del Parlamento, tras los comicios, tendrá lugar el 27 de diciembre.",선거 이후 의회의 구성 회의는 12 월 27 일에 열릴 예정이다.,선거 이후 의회의 구성 회의는 12 월 27 일에 열릴 예정이다.,,14,34540.0,El País,0
44,[HEADLINE] Londres elige entre vasallaje o caos,런던은 계략 또는 혼돈 중 하나를 선택합니다.,,런던은 전략 또는 카오스를 선택한다.,7,59470.0,El País,40
45,"[SUB-HEADLINE]  Ante la incapacidad de May de gestionar el Brexit, el intento de organizar otro referéndum es solo la vía de eludir la elección entre lo malo y lo peor",5 월에 Brexit을 관리 할 수 없다는 점을 감안할 때 다른 국민 투표를 조직하려는 시도는 악과 최악의 선택을 피하는 유일한 방법 일뿐입니다,"May가 Brexit을 감당할 수 없는 무능력에 대하여, 다른 여론조사를 조직하려는 시도는 차악과 최악 사이에서 선택을 모면하려는 것에 불과하다. ",,31,175560.0,El País,51
46,"Dos años después de que los ingleses decidieran recuperar su soberanía —¿la habían perdido?—, disponen de solo cuatro meses y medio para elegir entre el vasallaje o el caos. ",영국군이 주권을 되찾기로 결정한 지 2 년 후 - 그들은 그것을 잃었을 까? - 그들은 단지 4 개월 반 밖에 걸리지 않았기 때문에 계략이나 혼란 중에서 선택했다. ,,"영국인들이 그들의 자치권을 회복하려고 결정한 2년 뒤, - 잃은 적이 있었던가? - 전략 또는 혼돈 가운데 하나를 택하는 단 4달 반의 기간을 설정하였다. ",29,87920.0,El País,67
47,"Es la alternativa a la que les ha llevado Theresa May, que acaba de sumar la octava dimisión en su Gobierno por la errática negociación sobre el Brexit. ",테레사 수녀가 취한 대안은 브리태츠 정부의 불협화음에 대한 8 번째 사임을 방금 추가 한 것입니다. ,Teresa May가 취한 대안은 Brexit 의 불협화음으로 인한 그의 정부에서 8 번째 사임을 더한 것뿐이다. ,,28,135760.0,El País,54
48,"La situación, sin embargo, puede empeorar porque eso es exactamente lo que ha ocurrido desde que los británicos votaron por salir de la UE. ",그러나 영국이 유럽 연합 (EU)을 떠난 지 투표 한 이후 발생한 상황이기 때문에 상황이 악화 될 수도있다. ,,그러나 이는 정확하게 영국인들이 EU연합에서 탈퇴하기 위하여 투표한 것이기 때문에 상황은 악화될 수 있다. ,24,65200.0,El País,54
49,"El listado de malas noticias, en efecto, es interminable: ",사실 나쁜 소식 목록은 끝이 없습니다.,사실 나쁜 소식은 한없이 이어진다.,,9,24050.0,El País,38
50,"desde la profunda división del país en dos bloques al bandazo del Brexit duro al blando y la inestabilidad política, pasando por la voladura de las líneas rojas exhibidas por Londres frente a Bruselas o la incertidumbre, letal para la economía. ",브뤼셀 앞에서 런던이 전시 한 빨간 선이 폭발하거나 경제에 치명적인 불확실성으로 인해 브리짓이 강경 한 브리짓 (Br Brexit)이 부드럽고 정치적으로 불안정한 상태에 이르기까지 두 블록에 걸친 국가의 깊은 분파에서 일어났습니다.,,"런던이 브뤼셀에게 제시하는 적대적 경계선의 폭파 또는 불확실성과 경제의 치명타를 겪으면서, Brexit의 고비로 국가가 둘로 심각하게 분열되는 것부터 정치적인 불안정과 유약함으로 이른다. ",41,508940.0,El País,75
51,"Así, la libra ya ha perdido el 12% de su valor y Reino Unido será el país europeo que menos crezca en 2019 y 2020. ",따라서 파운드는 이미 가치의 12 %를 잃었으며 영국은 2019 년과 2020 년에 성장하지 않는 유럽 국가가 될 것입니다. ,따라서 파운드는 이미 화폐 가치의 12 %를 잃었으며 영국은 2019 년과 2020 년에 가장 성장이 더딘 유럽 국가가 될 것입니다. ,,25,34990.0,El País,13
52,"La última pésima noticia ha sido la dimisión, el viernes pasado, del ministro de Transportes, Jo Johnson, autor de esa diatriba entre vasallaje y caos, es decir, entre el sometimiento a las reglas del mercado único sin voz ni voto de Londres (la oferta de May rechazada por todos) o la desastrosa salida sin acuerdo el 29 de marzo. ","최악의 소식은 지난 금요일, 교통 장관, 조 존슨 (Jo Johnson)의 사퇴, 즉 매매와 혼돈 사이의 비난 즉, 목소리 나 런던의 투표가없는 단일 시장의 규칙에 대한 제출 사이다. 3 월 29 일에 합의없이 모든 사람이 거부 할 수 있음) 또는 비참한 출발.",,"마지막으로 최악의 소식은 지난 금요일 교통부 장관 Jo Johnson의 사임이다. 그는 런던의 목소리와 투표(모든 이들이 거부한 May의 제안)를 무시한 유일한 시장의 규칙에 종속될 것인가, 또는 3월 29일 결과에 동의하여 참담한 상황을 맞이할 것인가 혹평하면서 계략과 혼돈 사이의 혹평의 주인공이다. ",59,395160.0,El País,62
53,"Hermano del también dimisionario Boris y político de gran prestigio y popularidad, Jo Johnson, que votó contra el Brexit, era el encargado de pactar el estratégico acuerdo sobre Transportes, un sector clave para las futuras relaciones del Reino Unido con la UE. ",부시 대통령과 블레치 총리에게 투표 한 조 존슨 (Jo Johnson) 대통령은 보리스 (Boris)를 사임하고 영국과 EU의 미래 관계를위한 핵심 분야 인 교통에 관한 전략적 협상을 담당했다.,조 존슨 (Jo Johnson) 대통령은 보리스 (Boris)의 사임에 동참한 공화당의 큰 인물인 조 존스(Jo Johnson)은 Brexit에 반대표를 던졌다. 그는 영국과 EU의 미래 관계를 위한 핵심 분야인 교통에 관한 전략적 협상을 담당했었다. ,,42,143210.0,El País,51
54,"Su renuncia echa gasolina al incendio declarado en algunas aerolíneas que, alarmadas por el desastre, tratan como apestados a sus accionistas británicos y les amenazan con eliminar sus derechos de voto para demostrar a Bruselas una mayoría de propiedad comunitaria y operar así sin problemas en toda la UE. ",그들의 사임은 재난으로 경계를당한 일부 항공사들에 의해 선언 된 화재에 휘발유를 붓고 그들의 영국 주주들을 괴롭 히고 브뤼셀에 대다수의 공동체 재산을 보여주고 투표권을 없애겠다고 위협했다. EU,,"그들의 사임은 이 재앙으로 질겁한 일부 항공사들의 선언에 휘발유를 부었다. 그들의 영국 주주들이 피해를 보게 하였으며, 브뤼셀에게 거대한 공동체 재산을 제시하면서 모든 EU연합에서 문제가 없도록 운영하기 위하여 그들의 투표권을 앗아가도록 협박하였다. ",49,294120.0,El País,58
55,"Las llamas se observan también en Getlink, gestora del Eurotúnel, por el que anualmente cruzan sin controles fronterizos 1,6 millones de camiones, 2,5 millones de coches y 21 millones de personas. ","Eurotunnel 매니저 인 Getlink에서도 매년 160 만 대의 트럭, 250 만 대의 자동차 및 2 천 1 백만 명의 사람들이 국경 통제없이 교차하고 있습니다. ","Eurotunnel의 관리를 맡은 Getlink에서도 매년 160 만 대의 트럭, 250 만 대의 자동차와 2 천 1 백만 명의 사람들이 국경 통제 없이 다니는 것을 확인하였다. ",,31,85750.0,El País,19
56,"Con destino a las factorías británicas de Toyota, por ejemplo, por ahí pasan a diario suspensiones alemanas, ruedas españolas, tubos de escape holandeses o cinturones de seguridad húngaros.","예를 들어, 도요타의 영국 공장으로 향하는 곳에서 독일의 서스펜션, 스페인 바퀴, 네덜란드 배기관 또는 헝가리 안전 벨트가 매일 통과합니다. ",,"예를 들어 독일의 완충장치, 스페인의 타이어, 네덜란드의 배기관, 헝가리의 안전벨트를 매일 Toyota 의 영국 공장으로 운반하고 있다. ",28,250980.0,El País,75
57,Muchos de esos camiones transportan entre 8.000 y 10.000 paquetes de objetos vendidos por comercio electrónico de entrega rápida. ,"이 트럭의 대부분은 빠른 배송 전자 상거래로 판매되는 8,000 ~ 10,000 개의 패키지를 운송합니다. ","이 트럭의 대부분은 빠른 배송 전자 상거래로 판매되는 8,000 ~ 10,000 개의 패키지를 운송합니다. ",,19,31140.0,El País,0
58,"Si el 29 de marzo no hay acuerdo, ¿cuál será el coste y el tiempo perdido en revisiones aduaneras y trámites burocráticos?",3 월 29 일 합의가 없으면 세관 검토 및 관료 절차에서 손실되는 비용과 시간은 어떻게됩니까?,,"만약 3월 29일에 합의를 이루지 못할 경우, 세관 검사와 행정 절차로 잃게 될 시간과 비용은 얼마나 될 것인가?",22,120210.0,El País,63
59,"Ante la incapacidad de Londres de gestionar este proceso, el intento de organizar otro referéndum es solo la vía de eludir la elección entre lo malo y lo peor. ",런던이이 과정을 관리 할 능력이 없다는 점을 감안할 때 다른 국민 투표를 조직하려는 시도는 악과 최악의 선택을 피하는 유일한 방법 일뿐입니다. ,런던이 이 과정을 관리 할 능력이 없다는 점을 감안할 때 다른 여론조사를 조직하려는 시도는 최악과 차악의 선택을 피하는 방법 일뿐입니다. ,,29,106590.0,El País,15
60,O de ganar tiempo prórroga tras prórroga. ,또는 연장 후 시간 연장을이기는 것. ,,또는 연장을 위한 연장의 시간을 버는 것 뿐입니다. ,7,41700.0,El País,51
61,"Es decir, de evitar peores noticias cuando ya se ha cumplido ese teorema adjudicado al poeta estadounidense Allen Ginsberg: ","즉, 미국 시인 앨런 긴스 버그 (Allen Ginsberg)에게 주어진 정리가 이미 성취되었을 때 더 나쁜 소식을 피하기 위해서입니다. ","즉, 미국 시인 앨런 긴스버그 (Allen Ginsberg)에게 수여된 다음과 같은 정리가 성취 되었을 때 더 나쁜 소식을 피하기 위해서입니다. ",,19,149770.0,El País,17
62,“No puedes ganar. ,"""당신은 이길 수 없습니다. ",,'당신은 이길 수 없다. ,3,14680.0,El País,18
63,No puedes empatar. ,당신은 묶을 수 없습니다. ,당신은 비길 수도 없다. ,,3,18160.0,El País,33
64,Y tampoco puedes abandonar el juego”. ,"그리고 게임을 떠날 수도 없다. "" ",,또한 게임에서 벗어날 수도 없다.',6,14080.0,El País,50
65,"O sea, juegas al Brexit.","즉, Brexit을 연기합니다.","즉, Brexit을 일컫는 것입니다.",,5,16460.0,El País,30
66,[HEADLINE] Florida ordena un recuento en las elecciones a gobernador y senador,플로리다 주 주지사 선거에 대한 재검 표 명령,,Florida 주는 주지사와 상원의원 선거를 재검토할 것을 명하였다. ,12,66720.0,El País,64
67,"[SUB-HEADLINE] Una diferencia de menos del 0,5% de los votos vuelve a convertir al Estado en el epicentro de una polémica disputa legal tras unas elecciones",득표율의 0.5 %에도 미치지 못하는 점이 다시 선거 이후 논쟁의 여지가있는 법적 분쟁의 진원지가된다.,득표율의 차이가 0.5 %에도 미치지 못하는 점이 선거 이후 논쟁의 여지가 있는 법적 분쟁의 진원지가 된다.,,26,75030.0,El País,15
68,"Dieciocho años después, Florida vuelve a ser el epicentro de una polémica y reñida disputa de votos. ","18 년 후, 플로리다는 다시 논쟁의 여지가 많은 분쟁 투표 대회의 진원지가되었습니다. ",,"18년 후, Florida는 투표를 둘러싼 격렬한 경쟁과 논쟁의 진원지가 되었다. ",17,141280.0,El País,55
69,"Las elecciones del pasado martes a senador y gobernador tendrán que pasar por un recuento automático de los votos debido a la estrecha diferencia de votos entre los candidatos demócratas y republicanos, según decidió la autoridad electoral del Estado este sábado. ",지난 토요일 상원 의원과 총재 선거는 이번 주 토요일의 선거 결정 권한에 따라 민주당과 공화당 후보들의 투표 차이가 좁아서 자동 투표기를 거쳐야한다. ,"민주당과 공화당 후보들의 투표 차이가 적었기 때문에, 이번 주 토요일 중앙정부가 선거 권한으로 내린 결정에 따라서, 지난 화요일에 실시한 주지사와 상원 의원 선거는 자동 개표를 다시 진행하여야 할 것이다.  ",,41,259690.0,El País,67
70,"Los candidatos republicanos van en cabeza en el recuento, pero la diferencia es de menos del 0,5% de los votos. ","공화당 후보들은 그 수위에서 앞서 있지만, 그 차이는 득표 수의 0.5 % 미만이다. ",,"공화당 후보들은 개표에서 선두에 있었으나, 득표율 차이는 0.5%에 불과하였다. ",20,51610.0,El País,52
71,"A diferencia de las presidenciales de 2000 que se decidieron judicialmente tras una situación similar en Florida, esta vez no hay problemas con el diseño de las papeletas. ",플로리다에서 유사한 사태가 발생하여 사 법적으로 결정된 2000 년 대선 때와는 달리 이번에는 투표 용지 설계에 문제가 없다. ,"플로리다에서 유사한 사태가 발생하여 사 법적으로 결정된 2000 년 대선 때와는 달리, 이번에는 투표 용지 설계에 문제가 없다. ",,28,33110.0,El País,1
72,Pero sí se han repetido las protestas ante las oficinas electorales y el desembarco de abogados en medio de muchos nervios.,그러나 선거 사무실 앞에서 여러 차례의 항의와 많은 신경들 가운데에서 변호사들의 상륙이 반복되어왔다.,,그러나 선거사무소 앞에서 시위대와 날카로운 신경전 속에서 변호사들이 오는 상황이 반복되었다. ,21,207490.0,El País,46
73,"La noche del martes, los candidatos republicanos a senador por Florida, Rick Scott, y a gobernador, Ron DeSantis, clamaron victoria aunque oficialmente no se les había proclamado ganador porque quedaban por contar dos condados, de mayoría demócrata. ",플로리다 주 상원의 원인 릭 스콧 (Rick Scott) 상원 의원과 론 데 산티 (Ron DeSantis) 주지사는 화요일 밤에 민주당 다수당을 두 군데 보유하고 있기 때문에 공식 승리자가 아니었지만 승리했다고 주장했다.,"대다수의 민주당이 있는 두 카운티를 보유하고 있기 때문에 공식적인 승자로 선포되지 않았음에도 불구하고, 공화당원들은 화요일 저녁 플로리다 주 상원의원 릭 스콧 (Rick Scott)과 주지사 론 데산티스 (Ron DeSantis)에게 자신의 승리를 주장하였다. ",,37,327860.0,El País,81
74,Uno de esos distritos examinó este viernes si algunas papeletas que se habían considerado defectuosas en realidad eran correctas. ,결함이 있다고 여겨지는 투표 용지가 실제로 맞으면 이번 금요일에 해당 지구 중 한 곳을 조사했습니다. ,,"이번주 금요일, 이 지구들 중 하나는 실제로 일부 투표 용지가 실제로 결함이 있었는지 여부를 검토하였다. ",19,143580.0,El País,72
75,"Desde el martes, se ha ido achicando la diferencia de votos de los republicanos con sus rivales, el actual senador, el demócrata Bill Nelson, y el candidato a gobernador, Andrew Gillum. ","화요일 이후, 라이벌, 현재의 상원의 원인 민주당 원 빌 Nelson 및 주지사, Andrew Gillum 후보자와 가진 공화당 원의 투표 다름은 줄어들고있다.","화요일 이후, 경쟁자인 현재 민주당 상원의원 Bill Nelson과 주지사 후보 Andrew Gillum과 공화당의 투표 차이가 줄어들고있다.",,31,239810.0,El País,39
76,"El viernes, la ventaja de Scott era de solo el 0,18% de votos y la de DeSantis, del 0,44%.","금요일 Scott의 리드는 0.18 %, DeSantis는 0.44 %에 그쳤다.",,"금요일, Scott은 겨우 0.18%, DeSantis는 0.44%로 우세한 투표율을 보이고 있다. ",19,189520.0,El País,39
77,"Por ley, es obligatorio un recuento electrónico de papeletas si el sábado la diferencia de votos es de menos de 0,5 puntos. ",법으로 토요일 투표의 차이가 0.5 점 미만인 경우 전자 투표 수는 필수입니다. ,"법에 따르면, 토요일 투표의 차이가 0.5 점 미만인 경우 의무적으로 전자 개표를 재실행하여야 한다. ",,22,76310.0,El País,38
78,"Finalmente, el secretario del Estado (autoridad electoral) de Florida hizo oficial a mediodía del sábado que la diferencia de votos obliga a un recuento automático. ","마지막으로, 플로리다 주 (장관) 선거 당국은 토요일에 정오에 투표 결과의 차이가 자동 재계 표를 요구했다고 공식 발표했다. ",,"결국 토요일 정오, 플로리다 연방정부(선거 당국)의 국무 장관은 투표율 차이로 인한 자동 개표 의무를 공식화 하였다. ",25,172240.0,El País,64
79,Los resultados deben estar listos el próximo jueves por la tarde. ,결과는 목요일 오후에 준비해야합니다. ,다음 주 목요일 오후에 투표 결과가 준비될 것이다. ,,11,56200.0,El País,51
80,"Si después de ese recuento la diferencia sigue siendo de menos de 0,25 puntos, se hará otro recuento a mano.",이 카운트 후에 차이가 여전히 0.25 포인트보다 작 으면 다른 핸드 카운트가 만들어집니다.,,"만약 이번 개표 이후에도 투표율 차이가 0.25점 이하로 나타난다면, 수기로 개표를 실행할 것이다. ",20,67640.0,El País,75
81,"Paralelamente, la elección ha sido judicializada a través de demandas de los dos aspirantes a senador. ","병행하여, 선거는 두 명의 야심 찬 상원 의원의 요구를 통해 사법 화되었습니다. ","이와 병행하여, 상원 의원 후보자 두 명의 요구에 따라 선거가 사법화 되었습니다. ",,16,167250.0,El País,58
82,"Scott, que es el actual gobernador de Florida, y el presidente estadounidense, Donald Trump, han acusado sin pruebas a dos condados, de mayoría demócrata, de cometer fraude. ","현재 플로리다 주지사 인 스콧 (Scott)과 도널드 트럼프 (Donald Trump) 미국 대통령은 사기를 저지른 두 군, 대부분 민주당인데도 불구하고 기소했다. ",,현 Florida 주지사인 Scott과 Donald Trump 대통령은 민주당이 다수인 두 카운티에 사기를 저지른 증거가 없다고 비난하였다. ,27,164240.0,El País,59
83,"“Es una desgracia”, dijo Trump, quien en las presidenciales de 2016 atribuyó a irregularidades falsas su derrota, en el número total de votos, frente a la demócrata Hillary Clinton.","""그것은 불명예 스럽다.” 2016 년 대통령 선거에서 민주당 힐러리 클린턴에 반대하여 총 투표 수에서 거짓 부정에 대한 자신의 패배를 돌린 트럼프는 말했다.","""불명예스럽다.” 2016 년 대통령 선거에서 민주당 힐러리 클린턴에 대항하여 총 투표 수에서 거짓 부정 행위에 자신의 패배를 돌린 트럼프는 말했다.",,29,208900.0,El País,12
84,Scott logró el viernes que un juez obligara a la autoridad electoral del condado de Broward a entregar toda la información sobre los votos emitidos. ,Scott은 지난 금요일에 판사가 Broward 카운티의 선거 권한으로 투표 득표에 대한 모든 정보를 넘겨 줄 것을 요구하면서 성공했습니다. ,,지난 금요일에 Scott은 Broward 카운티의 선거 권한으로 한 판사가 득표에 대한 모든 정보를 넘기도록 의무화 하는 데 성공하였다. ,25,257290.0,El País,40
85,"Nelson, su rival demócrata, le acusa de utilizar su potestad como gobernador para sugerir que puede pedir una investigación policial. ",그의 민주당 경쟁자 인 넬슨 (Nelson)은 주지사로 그의 권력을 사용하여 그가 경찰 수사를 요청할 수 있다고 제안했다고 비난했다. ,그의 민주당 경쟁자 인 넬슨 (Nelson)은 주지사로서 그의 권력을 사용하여 경찰 수사를 요청하도록 제안했다고 비난했다. ,,20,126410.0,El País,14
86,"Las autoridades han dicho no tener pruebas de fraude alguno, aunque ese condado ha estado envuelto en polémicas en el pasado. ",당국은 과거에 논란에 휘말린 상태이지만 사기에 대한 증거가 없다고 말했습니다.,,당국은 이 카운티가 과거 논란에 휩싸인 상태이지만 그 어떤 사기에 대한 증거가 없다고 말했다. ,21,86250.0,El País,35
87,"En unas elecciones de 2016, eliminó un archivo de papeletas físicas pero mantuvo uno digitalizado.", 2016 년 선거에서 그는 실제 투표 용지 파일을 삭제했지만 하나는 디지털화했습니다., 2016 년 선거에서 그는 실제 투표 용지 파일을 삭제했지만 하나는 디지털화했습니다.,,15,23120.0,El País,0
88,Tanto Broward como Palm Beach fueron dos condados clave en la disputa tras las elecciones presidenciales de 2000 entre el republicano George W. Bush y el demócrata Al Gore. ,브로 워드와 팜 비치는 공화당 조지 부시 대통령과 민주당 앨 고어 대통령 간의 2000 년 대선 이후 분쟁의 핵심 카운티였다.,,공화당 George W. Bush와 민주당 Al Gore의 2000년 대통령 선거 이후 Broward와 Palm Beach는 선거전에서 두 핵심적인 카운티였다. ,29,135130.0,El País,72
89,Florida acabó determinado quién se hacía con la presidencia. ,플로리다는 누가 대통령직을 맡았는지 결정했다. ,Florida는 누가 대통령직을 맡았는지 결정했다. ,,9,20020.0,El País,24
90,Bush ganó oficialmente el Estado después de que el Tribunal Supremo paralizara un recuento de votos tras detectarse posibles irregularidades. ,부시 대통령은 대법원이 부작용 가능성을 발견 한 후 득표 수를 마비시킨 이후 공식적으로 국가를 승리로 이끌었다. ,,"대법원이 부정 행위 가능성을 발견한 후 개표를 무력화 시킨 이후, Bush가 공식적으로 승리하였다. ",20,102810.0,El País,57
91,"Entonces, ambos condados utilizaban papeletas en las que el votante hacía un agujero dentro de un círculo. ",그런 다음 두 카운티는 유권자가 원안에 구멍을 뚫은 투표 용지를 사용했습니다. ,"그런 다음, 두 카운티는 투표자가 원 안에 구멍을 뚫은 투표 용지를 사용했습니다. ",,17,54660.0,El País,8
92,Esos formatos se cree que confundieron a muchos votantes y que podrían haberle costado la victoria a Gore.,이 포맷은 많은 유권자를 혼란스럽게 만들었으며 Gore에게 승리를 요구할 수 있습니다.,,이러한 양식은 여러 투표자들을 혼란스럽게 하였고 Gore 의 승리를 힘들게 하였을 가능성이 있다. ,18,117410.0,El País,54
93,También se encaminan a recuentos las elecciones a senador por Arizona y a gobernador de Georgia. ,애리조나 상원 의원과 조지아 주지사 선거 역시 중요하게 고려된다. ,애리조나 상원 의원과 조지아 주지사 선거 개표 역시 중요하게 고려된다. ,,16,84670.0,El País,7
94,"Según los últimos datos, la demócrata Kyrsten Sinema mantiene una mínima ventaja frente a la republicana Martha McSally, que defiende el escaño conservador en Arizona. ",최신 데이터에 따르면 민주당의 키스 텐 시네마 (Keithsten Sinema)는 아리조나의 보수당 자리를 지키고있는 공화당의 마사 맥 샐리 (Martha McSally)에 대해 최소한의 우위를 유지하고있다. ,,"최근 자료에 따르면, 민주당 Kyrsten Sinema 는 애리조나의 보수당 의석을 지키는 공화당 Martha McSally 와 대적하여 근소하게 승리를 유지하고 있다. ",25,85200.0,El País,41
95,Una victoria demócrata en Arizona sería especialmente significativa del calibre de la respuesta contra los republicanos. ,애리조나에서의 민주당 승리는 공화당에 대한 대응의 구상에서 특히 중요 할 것이다. ,애리조나에서 민주당의 승리는 공화당에 대한 대응의 구상에서 특히 중요 할 것이다. ,,16,84840.0,El País,4
96,Ambas campañas llegaron este viernes a un acuerdo para esclarecer posibles irregularidades en el conteo de votos en zonas rurales.,두 캠페인은 이번 주 금요일 농촌 지역 투표 수의 불규칙성을 분명히하기 위해 합의했습니다.,,두 캠페인은 전원 지역에서 투표 수의 변칙을 밝히고자 이번 주 금요일 합의점에 도달하였다. ,20,197740.0,El País,70
97,"Mientras en Georgia, la demócrata Stacey Abrams ha prometido tomar acciones legales para garantizar que todos los votos se cuenten correctamente. ",조지아 주에서 민주당의 스테이시 에이 브람스 (Stacey Abrams)는 모든 득표가 올바르게 집계 될 수 있도록 법적 조치를 취할 것을 약속했습니다. ,"한편 조지아 주에서는, 민주당의 스테이시 에이브람스 (Stacey Abrams)가 모든 득표가 올바르게 집계 될 수 있도록 법적 조치를 취할 것을 약속했습니다. ",,21,56080.0,El País,7
98,"Esas elecciones fueron polémicas desde el primer momento porque el candidato republicano, Brian Kemp, como secretario de Estado de Georgia, es el responsable de gestionar comicios y los demócratas le acusaron de tomar medidas para restringir el voto de la población negra, que iba a ser clave para Abrams, que sería la primera gobernadora afroamericana de EE UU.",그 선거는 공화당 출신 후보 인 브라이언 켐프 (Brian Kemp)가 조지아 국무 장관으로 선거 운영에 책임이 있고 민주당이 흑인 인구의 투표를 제한하는 조치를 취했다고 비난했기 때문에 처음부터 논란이 많았다. 미국 최초의 아프리카 계 미국인 총재가 될 아브람에게 열쇠.,,"이번 선거는 처음부터 논란이 되었다. 공화당 후보인 브라이언 캠프 조지아주 내무장관이 선거 관리 책임자인데, 민주당은 캠프가 흑인 인구의 투표를 제한하는 조치를 취했다고 비난하였기 때문이다. 아브람스가 미국의 최초 아프리카계 주지사가 될 가능성이 있기에 흑인 인구 투표는 그에게 핵심적인 열쇠가 될 것이었다. ",58,229660.0,El País,60
99,"[HEADLINE] Las elecciones legislativas, un referéndum sobre Trump","입법 선거, 트럼프에 대한 국민 투표","입법 선거, 트럼프에 대한 국민 투표",,8,7620.0,ABC,0
100,[SUB-HEADLINE] Los estadounidenses eligen este martes a congresistas y autoridades estatales y locales. ,미국인들은 화요일에 국회의원과 주 및 지방 당국을 선택합니다. ,,"이번주 화요일, 미국은 하원 의원과 주 및 지방 당국을 선출한다. ",13,87010.0,ABC,40
101,[SUB-HEADLINE] Pero los comicios son ante todo un juicio al «trumpismo« que determinará el futuro del presidente,"그러나 선거는 무엇보다도 대통령의 미래를 결정할 ""트럼프즘""에 대한 재판이다.","그러나 선거는 무엇보다도 대통령의 미래를 결정할 ""트럼프즘""에 대한 재판이다.",,17,20750.0,ABC,0
102,"Si esta semana alguien hubiera salido de un coma, podría pensar que despierta en el otoño de 2020 y que Donald Trump se juega su reelección. ",이번 주 누군가가 혼수 상태에서 벗어났다면 2020 년 가을에 그가 깨어나고 도널드 트럼프 (Donald Trump)가 그의 재선을 노리고 있다고 생각할 것입니다. ,,"금주 누군가 혼수 상태에서 벗어났다면, 2020년 가을에 의식을 회복하고 도널드 트럼프가 재선을 노리고 있다고 생각할 것이다. ",26,202670.0,ABC,34
103,"El presidente de EE.UU. no está en las papeletas de las elecciones legislativas de este martes, pero sí lo está su figura y su futuro político. ",미국 대통령 화요일에 입법 선거에 투표하지는 않았지만 그의 인물과 그의 정치적 미래는 있습니다. ,미국 대통령은 이번 화요일에 입법 선거에 포함되지 않았지만 그의 모습과 그의 정치적 미래는 담겨 있습니다. ,,26,209890.0,ABC,21
104,"La cita con las urnas es un juicio a su presidencia -formidable para unos, infame para otros, polarizante sin duda-, un referéndum al «trumpismo». ","투표소와의 약속은 그의 대통령 대행의 재판이다. 다른 사람들에게는 악명이 높으며 의심의 여지없이 ""트럼프즘""에 대한 국민 투표가 실시된다.",,"투표함 약속은 '트럼피즘'에 대한 여론조사로서, 누군가에게는 훌륭한, 다른 이들에게는 불명예스러운, 의심할 여지 없이 극단적인 그의 직책에 대한 판결이다. ",24,158610.0,ABC,67
105,"Sus resultados, además, determinarán su capacidad de maniobra en la segunda parte de su mandato y sentarán las bases de la reelección.",그들의 결과는 또한 위임장의 두 번째 부분에서 기동성을 결정하고 재선거를위한 기반을 마련 할 것입니다.,그 결과는 또한 그의 대통령 임기 2년차의 기동성을 결정하고 재선거를 위한 기반을 마련 할 것입니다.,,22,129660.0,ABC,26
106,Todo explica que Trump apenas se haya quitado el traje electoral este otoño. ,이번 가을에 트럼프가 그의 선거를 막 제거했다고 모든 것이 설명됩니다.,,트럼프가 이번 가을에 선거 복장을 절대로 벗지 않았다는 것이 모든 것을 설명한다. ,13,256400.0,ABC,60
107,Se ha subido el escenario electoral casi una vez cada dos días. ,선거 장면은 거의 2 일에 1 번 제기되었습니다. ,그는 선거 현장에 거의 2 일에 1 번 나타났다. ,,12,23300.0,ABC,42
108,"Desde el 6 de septiembre hasta el 6 de noviembre, el día de las elecciones, habrá protagonizado treinta mítines.",선거 당일 9 월 6 일부터 11 월 6 일까지 그는 30 번의 회의를 개최 할 예정이다.,,"9월 6일부터 11월 6일까지, 선거 당일 30여 집회 현장에 올라섰다. ",19,87990.0,ABC,57
109,"«Yo no estoy en las papeletas, pero sí lo estoy, porque esto también es un referéndum sobre mí», dijo recientemente en un mitin en Misisipí. ","미시시피 주에서의 집회에서 그는 ""나는 투표 용지가 아니지만 나는 국민 투표이기도하다. ","최근 미시시피 주의 집회에서 그는 ""나는 투표지에 있지 않지만 있는 것과 마찬가지다. 이는 나에 대한 여론조사이기도 하다."" 라고 말했다.  ",,25,83940.0,ABC,55
110,"«Pretended que estoy en la votación», pidió a sus seguidores.",«내가 투표 한 척해라»그는 추종자들에게 물었다.,,"트럼프는 그의 지지자들에게 다음과 같이 부탁했다. ""나도 이 선거에 있다고 생각하십시오.""",10,112660.0,ABC,86
111,Es una exigencia fácil de cumplir. ,성취하기 쉬운 요구 사항입니다. ,이는 성취하기 쉬운 요구 사항입니다. ,,6,26870.0,ABC,14
112,Trump ha monopolizado el discurso político desde que se presentó a la presidencia de EE.UU. en junio de 2015. ,트럼프는 미국 대통령직에 출마 한 이후 정치 담론을 독점했다. 2015 년 6 월,,트럼프는 2015년 6월 미국 대통령으로 선출된 이후 정치적 담론을 독차지하였다. ,19,50710.0,ABC,65
113,"Una vez en la Casa Blanca, quienes confiaban -sobre todo, sus aliados republicanos- en que adoptaría un tono «presidencialista» se han topado con que Trump sigue en campaña de sí mismo. ","백악관에서 한 번 공화당 동맹국 인 공화당 동맹국들에 대해 ""대통령 주의적 입장""을 채택 할 것을 신뢰 한 사람들은 트럼프가 여전히 스스로 선거 운동을하고 있음을 발견했다.","백악관에서 ""대통령제 지지자의 입장""을 채택 할 것이라고 신뢰하였던 사람들, 특히 그의 공화당 동지들은 트럼프가 여전히 스스로 선거 운동을하고 있음을 다시금 발견했다.",,31,286730.0,ABC,54
114,"Su lenguaje de confrontación, el insulto habitual, las referencias de tono racista y sexista y las filtraciones sobre el caos en la Casa Blanca han copado los medios, que aman odiar al presidente.","그의 대립 언어, 통상적 인 모욕, 인종 차별주의 및 성 차별주의의 언급, 백악관의 혼돈에 대한 누출이 언론을 점령 해 대통령을 싫어한다.",,"그의 대항하는 어조, 상습적인 모욕, 인종주의이자 성차별주의적인 언급, 백악관의 혼돈을 유출하는 것으로 대통령을 증오하는 것을 좋아하는 언론을 장악하였다. ",33,500450.0,ABC,51
115,"Su figura, además, domina a ambos partidos. ",그의 인물은 또한 양당을 지배합니다. ,그의 인물상은 또한 양당을 지배합니다. ,,7,8600.0,ABC,4
116,"Los apoyos de Trump -con una opinión muy favorable de sus bases- han puesto y quitado candidatos republicanos, que no tienen más remedio que proclamar su adhesión al jefe. ",트럼프의 지원은 공화당 후보들을 두었다. 공화당 후보들은 입후보자의지지를 선언하는 것 외에는 선택의 여지가 없다. ,,트럼프의 지원은 그들의 기반에 대한 매우 호의적인 견해와 함께 공화당 후보자들을 마련하고 제거하였다. 이들은 지도자에 대한 지지를 선포할 수밖에 없다. ,29,511560.0,ABC,63
117,El caso más claro es el de Ted Cruz: ,가장 분명한 사례는 테드 크루즈의 것입니다 : ,가장 분명한 사례는 테드 크루즈의 것입니다 : ,,9,4030.0,ABC,0
118,como candidato a la presidencia llamó «mentiroso patológico» y «cobarde llorón» a Trump en 2016 y el mes pasado se vio obligado a invitarlo a un mitin para conservar su puesto como senador en Texas. ,"대통령 후보로 그는 2016 년에 트럼프에게 ""병적 인 거짓말 쟁이""와 ""겁쟁이 족제비""라고 부르며 지난달 텍사스에서 상원 의원 자격을 유지하기 위해 그를 집회에 초대해야했다.",,"차기 대권주자로서, 2016년 트럼프를 '병적인 거짓말쟁이'와 '겁쟁이 울보'라고 부른 바 있다. 지난 달 텍사스 주지사 자리를 확보하기 위하여 트럼프를 유세현장으로 초대할 수밖에 없었다. ",35,221900.0,ABC,58
119,"Los demócratas, por su lado, compiten por demostrar quién es más «anti Trump».","반면에 민주당은 누가 더 ""트럼프 반대""인지를 증명하기 위해 경쟁합니다.","반면에 민주당은 누가 더 ""트럼프 반대""인지를 증명하기 위해 경쟁합니다.",,13,8030.0,ABC,0
120,"Los nombres que aparecen en las papeletas son los de los candidatos al Congreso y cientos de autoridades estatales, desde gobernadores de estados hasta concejales de distrito. ",투표 용지에 표시되는 이름은 의회 후보자와 주 정부 당국에서 지방 공무원에 이르는 수백 개 주 당국의 이름입니다. ,,투표 용지에 나타나는 이름들은 연방 정부부터 디스트릭트 의원까지 수백 명의 주 당국과 하원 후보자들이다. ,27,160860.0,ABC,60
121,"La Cámara de Representantes renueva por completo sus 435 miembros, mientras que el Senado elige a un tercio de sus cien legisladores.",하원은 435 명의 회원을 완전히 갱신하고 상원은 100 명의 입법 원 중 3 분의 1을 선출합니다.,"하원은 435 명의 의원을 완전히 갱신하고, 상원은 100 명의 국회 의원 중 3 분의 1을 선출합니다.",,22,62060.0,ABC,8
122,"En los primeros dos años de presidencia de Trump, las dos cámaras del Congreso tenían mayoría republicana, lo que no ha sido suficiente para que Trump impulsara puntos centrales de su agenda, como el desmantelamiento de la reforma sanitaria de Barack Obama o la financiación del muro con México, la estrella de su campaña.","대통령 트럼프의 첫 2 년 동안, 의회의 두 집은 트럼프 충분하지 않은 공화당의 대부분은, 예를 들면 건강 개혁 버락 오바마의 해체 또는 벽 자금으로, 그의 의제의 중심 포인트를 재촉했다 그의 캠페인의 스타 인 멕시코와.",,"트럼프의 임기 2년 동안, 상하원은 대부분 공화당으로 구성되어 있었다. 버락 오바마의 의료 개혁이나 트럼프 캠페인의 핵심인 멕시코 국경의 장벽 설치를 위한 재정 확보처럼, 트럼프가 그의 의제의 핵심적인 지점을 추진하기에 충분한 숫자는 아니었다. ",54,290230.0,ABC,73
123,"Ahora, todo apunta a que el bloqueo legislativo será mucho mayor tras las legislativas. ",이제 입법 봉쇄에 대한 모든 내용은 입법 후에 훨씬 커질 것입니다. ,이제 입법 봉쇄에 대한 모든 내용은 입법 후에 훨씬 커질 것입니다. ,,14,48570.0,ABC,0
124,"Las encuestas dicen que los demócratas recuperarán la Cámara de Representantes, y la duda es cuál será la ventaja final. ","여론 조사는 민주당 원들이 하원 의원을 되찾을 것이고, 의문점은 최종 우위가 될 것이라고 말했습니다. ",,"설문조사는 민주당이 하원을 회복할 것이라고 말하는데, 무엇이 최후의 이점일지가 의문 사항이다. ",20,84530.0,ABC,64
125,"En el Senado, el vuelco demócrata es mucho más difícil, porque buena parte de los escaños en juego están en territorio favorable para los republicanos. ",상원 의석에서 민주당 전복은 훨씬 어려워진다. 공화당 의원들 대부분이 공화당의 유리한 영역에 있기 때문이다. ,상원에서 민주당 전복은 훨씬 어려워진다. 경합을 이루는 곳은 공화당 의원들에게 우호적인 지역에 있기 때문이다. ,,25,213220.0,ABC,37
126,"De hecho, hay posibilidades de que los republicanos refuercen su mayoría, que hoy es mínima (51 senadores conservadores, por 49 demócratas).","실제로, 공화당이 대다수를 강화할 가능성이있다. 공화당은 49 명의 민주당 원에 대해 보수당 의원 (상원 의원 51 명)이 최소한이다.",,"사실, 현재 최소 의석 차이를(보수당 주지사 51, 민주당 49) 보이는 공화당이 다수를 증원할 가능성도 있다. ",21,174730.0,ABC,76
127,"Con un resultado así, los demócratas tendrán la posibilidad de torpedear la agenda política de Trump, pero se encontrarán con la patata caliente de qué hacer con uno de los temas que ha protagonizado su presidencia:",이러한 결과로 민주당은 트럼프의 정치적 의제를 어지럽 힐 수있는 가능성을 갖게 될 것입니다. 그러나 대통령 당선자를 이끌었던 문제들 중 무엇을 해야할지에 대한 고구마를 발견 할 것입니다.,이러한 결과로 민주당은 트럼프의 정치적 의제를 어지럽힐 수있는 가능성을 갖게 될 것입니다. 그러나 대통령 당선을 이끌었던 공약 중 무엇을 택해야 할지에 대한 것이 뜨거운 감자로 떠오를 것이다. ,,36,69030.0,ABC,21
128,"la investigación del supuesto complot de la campaña de Trump con Rusia, cuyos resultados no tardarán en llegar. ",주장 음모 캠페인 트럼프와의 조사를 그의 결과는 오래 가지 않을 것이다. ,,러시아와 트럼프 캠페인의 음모에 대한 조사 결과는 오래 걸리지 않을 것이다. ,18,146540.0,ABC,46
129,La Cámara de Representantes es la responsable de impulsar el ‘impeachment’ o juicio político del presidente. ,하원은 대통령 탄핵 또는 탄핵 촉진을 담당합니다. ,하원은 대통령 ´탄핵´ 또는 정치적 판결을 담당합니다. ,,16,67830.0,ABC,22
130,"Las corrientes más izquierdistas del partido demócrata optarán por ese camino, lo que convertiría la segunda mitad del mandato de Trump en un circo político que estimularía al electorado republicano en defensa de su presidente.",민주당의 가장 좌파 전류는 대통령의 방어 공화당 유권자를 자극 할 정치적 서커스에서 트럼프의 위임 하반기을 만들 것이라고 경로를 선택합니다.,,민주당의 극좌파들은 이 길을 선택할 것이다. 트럼프의 임기 하반기는 공화당 유권자들이 대통령을 방어하도록 자극하는 정치적 쇼가 될 것이다. ,35,327370.0,ABC,79
131,Las encuestas -como la historia se ha encargado de mostrar en los últimos años- pueden equivocarse. ,최근 몇 년 사이에 역사가 보여 주듯이 설문 조사는 잘못 될 수 있습니다. ,최근 몇 년 사이에 역사가 보여 주듯이 설문 조사는 잘못 될 수 있습니다. ,,16,15520.0,ABC,0
132,"Sobre todo tras un cierre de campaña virulento, agitado por la campaña del miedo desatada por Trump a raíz de la caravana de inmigrantes y por los episodios de violencia -los paquetes bomba a sus enemigos politicos y, sobre todo, la matanza en la sinagoga de Pittsburgh- que parte de la opinión pública relaciona con el mensaje agresivo del presidente. ","특히 악의적 인 선거 운동 종료 후, 이민자들의 캐러밴과 폭력 사건의 결과로 트럼프가 쏟아내는 두려움에 대한 캠페인에 동요 됨. - 정치적 원수 폭파, 특히 무엇보다도 시나고그의 학살 피츠버그 - 여론의 일부는 대통령의 공격적인 메시지와 관련이 있습니다.",,"무엇보다, 이민자들의 행렬과 폭력 사건들에 근원을 둔 트럼프가 야기한 공포의 캠페인(정치적 라이벌에게 폭탄 소포, 피츠버그의 유대 교회 총격 사건)이 선동한 악성 캠페인이 끝난 후, 여론의 일부는 대통령의 공격적인 메시지와 관계가 있다. ",60,539680.0,ABC,62
133,Habrá que ver si todo ello está detrás de la alta participación que se anticipa para este martes.,이 모든 것이 이번 화요일에 예상되는 높은 투표율 뒤에 있는지 확인해야합니다.,이 모든 것이 이번 화요일에 예상되는 높은 투표율 뒤에 있는지 확인해야 합니다.,,18,38880.0,ABC,2
134,"La popularidad del presidente mejora cuando deja los exabruptos de lado y consigue resultados, como la bajada de impuestas o la confirmación de Brett Kavanaugh como juez del Tribunal Supremo. ",부시 대통령의 인기는 그가 버드 대금을 제쳐두고 떠날 때 개선되고 세금 감면 또는 대법원 판사 브렛 카바 너 (Brett Kavanaugh)의 확인과 같은 결과를 얻는다. ,,대통령의 인기는 분노를 제쳐 놓을 때 개선된다. 세금 감면과 브렛 캐버노의 대법관 확정과 같은 결과로 이어진다. ,30,324740.0,ABC,58
135,"No es el camino elegido por Trump en el final de la campaña, que ha preferido repetir el guión de 2016.",캠페인이 끝나면 트럼프가 선택한 경로가 아니며 2016 년 스크립트를 반복하는 것이 좋습니다. ,캠페인 마지막에  2016 년 시나리오를 반복할 것을 선호했던 트럼프가 선택한 길이 아니다. ,,21,116460.0,ABC,73
136,Nadie le puede negar que entonces funcionó.,아무도 그 경로가 작동한다고 부인할 수 없습니다.,,그 누구도 그것이 현실화 되었다는 것을 부정할 수 없다. ,7,90970.0,ABC,62
137,[HEADLINE] Polémicas elecciones en las regiones separatistas del este de Ucrania,우크라이나 동부 분리주의 지역에서의 논란이 많은 선거,우크라이나 동부 분리주의 지역에서 논란이 된 선거,,11,28260.0,ABC,10
138,"[SUB-HEADLINE] La Unión Europea, Estados Unidos y Kiev califican los comicios de «ficticios e ilegítimos»","유럽 연합 (EU)과 미국, 키예프는 선거를 ""허구와 불법""이라고 부른다.",,"유럽연합, 미국, 키예프가 '허구와 위법'의 선거에 출마하다. ",15,105690.0,ABC,58
139,"Pese a las críticas y advertencias de la OSCE y la mayor parte de los países de Occidente, las autoridades rebeldes de las repúblicas separatistas del este de Ucrania, Donetsk y Lugansk, se disponen hoy a celebrar «comicios» para elegir a sus respectivos líderes y a los diputados de los llamados «Consejos Populares».","OSCE와 대부분의 서방 국가에 대한 비판과 경고에도 불구하고 우크라이나 동부 분리주의 반군 당국 인 도네츠크와 루간 스크는 오늘 각자의 지도자를 선출하기 위해 ""선거""를 개최 할 준비를하고있다. 소위 ""인민위원회""의 대리인.","OSCE와 대부분의 서방 국가의 비판과 경고에도 불구하고, 우크라이나 동부 분리주의 반군 당국인 도네츠크와 루간스크는 오늘 각자의 지도자와 소위 '인민위원회'의 의원들을 선출하기 위해 ""선거""를 개최할 준비를 하고 있다. ",,53,134100.0,ABC,34
140,La Organización para la Seguridad y la Cooperación en Europa (OSCE) ha sido la última en condenar una decisión que viola los acuerdos de paz de Minsk. ,유럽 ,,유럽안보협력기구(OSCE)는 민스크의 평화협정을 위반한 결정을 비난한 마지막 기관이다. ,27,223920.0,ABC,20
141,"Estas elecciones han sido también criticadas e incluso calificadas de «ficticias e ilegítimas» por la Unión Europa, EEUU y las autoridades de Kiev. ","이 선거는 유럽 연합, 미국 및 우크라이나 당국에 의해 ""허구와 사생아""로 비판 받고 심지어 비난을 받아왔다. ","유럽 연합, 미국, 우크라이나 당국 또한 이번 선거를 비난하였고, 심지어 ""허구와 위법""이라고 평가하였다. ",,23,91200.0,ABC,62
142,"Según Enzo Moavero, presidente de turno de la OSCE y ministro de Exteriores italiano, los comicios en el este de Ucrania «van en contra de la letra y el espíritu de los acuerdos de Minsk».","OSCE 의장 겸 이탈리아 외무 장관 인 Enzo Moavero에 따르면 우크라이나 동부의 선거는 ""민스크 협약의 서신과 정신에 어긋난다""고 말했다.",,"OSCE 의장이자 이탈리아 외무부 장관인 엔조 모아베로에 따르면, 우크라이나 동부 지역의 선거는 '민스크 협약의 서약과 정신에 어긋난다.'",35,261040.0,ABC,33
143,"El presidente ucraniano, Piotr Poroshenko, cree que «Rusia debería haber influido para evitar la celebración de las elecciones y ha hecho lo contrario, demostrando así que no quiere propiciar una solución pacífica». ","우크라이나의 Piotr Poroshenko 대통령은 ""러시아는 선거를 막기 위해 영향을 미쳐야하고, 반대 입장을 취한 것으로 평화적 해결책을 홍보하고 싶지 않다는 것을 보여주고있다""고 믿는다.","우크라이나의 페트로 포로센코 대통령은 ""러시아는 선거를 막기 위해 힘을 써야 하는데, 이렇듯 평화적 해결책을 얻고 싶지 않다는 것을 보여주면서 반대 입장을 취하고 있다.""고 믿는다.",,32,226770.0,ABC,47
144,"Según su opinión, «los resultados de esta convocatoria jamás serán reconocidos por la Comunidad Internacional (...) y provocarán la adopción de nuevas sanciones contra Rusia».","그의 견해로는 ""이 호의 결과는 국제 사회 (...)에 의해 인정되지 않으며 러시아에 대한 새로운 제재의 채택으로 이어질 것""이라고 말했다.",,"페트로의 견해에 의하면, ""이번 소집의 결과는 결코 국제 사회에서 인정 받지 않을 것이며, ... 러시아에 반하는 새로운 제재의 채택을 야기시킬 것이다.""",25,181140.0,ABC,55
145,Pero en Moscú piensan de otra manera. ,그러나 모스크바에서 그들은 다르게 생각합니다. ,그러나 모스크바는 다르게 생각합니다. ,,7,10820.0,ABC,23
146,"El portavoz del Kremlin, Dmitri Peskov, dijo el martes que las elecciones organizadas por los separatistas «no vulneran los acuerdos de paz». ",드미트리 페스 코프 (Dmitri Peskov) 러시아 대변인은 화요일 분리 주의자들에 의해 조직 된 총선은 평화 협정을 위반하지 않는다고 밝혔다. ,,"화요일, 크렘린의 대변인 드미트리 페스코프는 분리주의자들이 조직한 선거가 ""평화 협정을 침해하지 않을 것이다""라고 말하였다. ",22,104970.0,ABC,68
147,"A juicio de Peskov, «quienes demuestran poco deseo de que se aplique lo pactado en Minsk son las autoridades de Kiev».","Peskov에 따르면, ""민스크에서 협약을 적용하려는 욕구가 거의없는 사람들은 키예프 당국이다.""","Peskov에 따르면, ""민스크에서 협약을 적용하려는 의욕이 가장 적은 사람들은 키예프 당국이다.""",,21,76640.0,ABC,14
148,"Lo firmado en Minsk, el 12 de febrero de 2015, contempla la devolución a Ucrania del control de la frontera con Rusia, en los tramos que corresponden a Donetsk y Lugansk, y la celebración en ambos territorios de elecciones realmente libres y democráticas con arreglo a la legislación ucraniana. ",2015 년 2 월 12 일 민스크에서 서명 한이 협정은 도네츠크와 루 간츠크에 해당하는 부분에서 러시아와의 국경 통제에 대한 우크라이나로의 회귀와 그에 따른 자유와 민주주의 선거의 두 영역 모두에서의 축하를 고찰한다. 우크라이나 입법.,,"2015년 2월 12일 민스크에서 서명한 이 협정은 도네츠크와 루간스크에 해당하는 지역에서 우크라이나의 러시아 국경 통제 반환과, 우크라이나 법에 의거하여 두 지역에서 진정한 자유민주주의 선거를 고려하고 있다. ",49,527970.0,ABC,50
149,"A cambio, Kiev debe conceder a los dos enclaves un sistema de autogobierno. ",그 대가로 키에프는 두 영토를 자치 체제로 만들어야합니다. ,그 대가로 키에프는 두 영토에 자치 제도를 부여하여야 합니다. ,,13,67250.0,ABC,25
150,Pero la desconfianza mutua mantiene el proceso en punto muerto mientras los enfrentamientos armados se suceden de forma esporádica.,그러나 상호 불신은 무력 충돌이 산발적으로 발생하는 동안 중립적 인 과정을 유지합니다.,,"그러나 상호 불신은 중립적인 과정을 유지하고 있는 한편, 무장 세력의 교전이 산발적으로 발생하였다. ",19,229110.0,ABC,64
151,"El «presidente» en funciones de Donetsk y favorito para obtener la mayoría de los votos, Denís Pushilin, explicó a comienzo de mes que la república «necesita celebrar estas elecciones» para dotarse de líder y asamblea local. ","도네츠크의 대통령과 대다수의 투표를 얻으려는 데니스 푸 스틸 린 (Denis Pushilin)은 이달 초 공화당이 ""선거를 개최해야한다""고 설명하면서 지도자와 지방 의회가되었다.","대다수의 투표를 얻기 위하여 도네츠크의 임시 '대통령' 데니스 푸쉴린(Denis Pushilin)은 이달 초 공화당이 지도자와 지방 의회를 차지하기 위하여 ""선거를 실시해야 한다""고 설명하였다. ",,36,508810.0,ABC,62
152,"Prometió que transcurrirán «de forma transparente y cumpliendo todos los estándares internacionales», algo que no se cree nadie salvo Moscú. ",그는 투명한 방식으로 모든 국제 표준을 준수 할 것이라고 약속했다. 모스코바 만 믿는 사람은 없다. ,,"그는 '투명한 방식으로 모든 국제 표준을 준수할 것'을 약속하였는데, 이는 모스크바만이 믿을만한 발언이다. ",20,158200.0,ABC,38
153,"El jefe de los Servicios de Seguridad de Ucrania (SBU), Vasili Gritsak, sostiene que las actas con los resultados de los comicios «ya están confeccionadas».",우크라이나 보안 서비스 총괄 책임자 인 바실리 그 리삭 (Vasili Gritsak)은 선거 결과에 대한 회의록은 이미 준비가되어 있다고 주장했다.,"우크라이나 보안 서비스 총괄 책임자 인 바실리 그 리삭 (Vasili Gritsak)은 선거 결과에 대한 회의록은 ""이미 작성되었다""고 주장했다.",,25,211240.0,ABC,9
154,"El pasado agosto, fue asesinado en un atentado todavía sin esclarecer el que había sido jefe de la autoproclamada República Popular de Donetsk (DNR) durante casi cuatro años, Alexánder Zajárchenko.","지난 8 월, 알렉산더 자 자르 첸코 (Alexander Zajárchenko)는 자신이 주장한 도네 치크 인민 공화국 (Donetsk People 's Republic, DNR)의 머리로 4 년 가까이 머물렀다는 점을 아직도 분명히 모르는 공격에서 암살 당했다.",,"지난 8월, 약 4년간 자칭 도네츠크인민공화국의 수장을 역임하였던 알렉산드르 자하르첸코가 아직 원인이 밝혀지지 않은 테러로 살해 당했다. ",30,374190.0,ABC,77
155,Pushilin se puso entonces al frente de la DNR de forma interina.,Pushilin은 잠정적으로 DNR을 담당하게됩니다.,푸실린은 잠정적으로 DNR을 담당하게 됩니다.,,12,43970.0,ABC,31
156,"En la vecina también autoproclamada República Popular de Lugansk (LNR) se celebran igualmente elecciones y el que parte con ventaja es el que desempeña interinamente el cargo de máximo dirigente, Leonid Pasechnik. ",이웃 국가들에서도 스스로 자칭 된 LUMR (Lugansk Republic of Lugansk) 선거도 개최되며 유리한 방향으로 이끌어가는 당은 일시적으로 최고 지도자 인 Leonid Pasechnik의 입장을 취하고있다.,,"이웃 지역인 마찬가지로 자칭 루간스크인민공화국 역시 선거를 실시하였다. 가장 유리한 후보는 레오니드 파세츠니크로서, 최고 지도자 역할을 대행하고 있다. ",32,274910.0,ABC,75
157,"Sustituyó hace justo un año a Ígor Plotnitski, que fue desplazado por un oscuro golpe de mano.","그는 불과 1 년 전에 이고르 플롯 니츠키 (Igor Plotnitski)를 대신했고, 그는 어두운 손으로 타격을 입었습니다.",불과 1 년 전에 어두운 세력에 의해 사임한 이고르 플롯 니츠키 (Igor Plotnitski)를 대체하였다. ,,17,180990.0,ABC,61
158,"Donetsk y Lugansk se levantaron en armas contra el Gobierno ucraniano en abril de 2014, un mes después de que Rusia se anexionara Crimea. ",도네츠크와 루간 스크는 러시아가 크림을 합병 한 지 한 달 후인 2014 년 4 월에 우크라이나 정부에 대항하여 무기를 들었다. ,,"러시아가 크림 공화국을 병합한 한 달 뒤인 2014년 4월, 도네츠크와 루간스크는 우크라이나 정부에 무력으로 대항하였다. ",24,154320.0,ABC,63
159,"Estalló entonces una guerra que Moscú atizó enviando armas, dinero y hombres en apoyo de los separatistas. ","모스크바는 분리 주의자들을 지원하기 위해 무기와 돈, 그리고 사람들을 보냄으로써 전쟁을 일으켰다. ",모스크바는 분리 주의자들을 지원하기 위해 무기와 돈을 보내고 남성들을 파견하면서 전쟁을 일으켰다. ,,17,142060.0,ABC,18
160,"Desde entonces, según la ONU, el conflicto ha acabado con la vida de 10.000 personas. ",그 이후 유엔에 따르면 분쟁으로 1 만 명이 사망했다. ,,UN에 따르면 이후 이 무장 대립은 1만여명의 인명을 앗아갔다. ,15,103580.0,ABC,72
161,"Los acuerdos de Minsk, alcanzados bajo la mediación de Alemania y Francia, fueron un intento, por ahora fallido, de poner fin definitivamente al enfrentamiento armado entre el Ejército ucraniano y las milicias rebeldes.",독일과 프랑스의 중재 아래 도달 된 민스크 합의는 우크라이나 군과 반군 민병대 간의 무장 한 대립을 결정적으로 끝내려는 시도였다.,독일과 프랑스의 중재 아래 도달한 민스크 협정은 우크라이나 군과 반군 민병대 간의 무장 대립을 근절하려는 시도였으나 현재 실패한 사건이 되었다. ,,33,98490.0,ABC,37
162,[HEADLINE] Misión 2019: evitar que los euroescépticos utilicen fondos europeos para boicotear la UE,미션 2019 : EU의 불매 운동에 유럽의 기금 사용을 금지,,2019년 미션: 유럽회의자들이 유럽연합 보이콧을 위한 유럽 기금 사용을 금하라. ,14,60380.0,ABC,60
163,"[SUB-HEADLINE] Pese a que las instituciones de la UE han reforzado sus mecanismos de control de cuentas, partidos euroescépticos y sus fundaciones han decidido explotar las oportunidades europeas en lugar de renunciar a todo lo relacionado con la Unión",EU기구가 통제 메커니즘을 강화했다는 사실에도 불구하고 Eurosceptic 당사자와 그들의 재단은 EU와 관련된 모든 것을 포기하는 대신 유럽의 기회를 이용하기로 결정했다.,EU기구가 통제 메커니즘을 강화했다는 사실에도 불구하고 유럽회의주의 정당들과 그들의 재단은 EU와 관련된 모든 것을 포기하는 대신 유럽의 기회를 이용하기로 결정했다.,,39,116520.0,ABC,15
164,"El último Eurobarómetro, publicado el miércoles 17 de octubre, muestra un aumento del europeísmo incluso en Reino Unido, donde los partidarios de seguir en la UE superaban a los del Brexit. ",10 월 17 일 수요일에 발표 된 마지막 유로 로바 미터 (Eurobarometer)는 영국에서도 유럽 연합의 지지자들이 Brexit의 그것들을 능가하는 유럽주의의 증가를 보여준다. ,,10월 17일 수요일에 발표된 유로바로미터의 최신판은 유럽주의 증가를 보여주고 있다. 심지어 영국에서도 유럽 지지자들이 브렉시트 찬성파를 능가하고 있다. ,31,219230.0,ABC,61
165,"Sin embargo, cuando se acaban de cumplir 25 años de la entrada en vigor del Tratado de Maastricht que diseñó la actual Unión y su moneda única, el euro, la UE se enfrenta a uno de los mayores desafíos de su historia en las próximas Elecciones Europeas: ",그러나 현재 연합에 의해 설계된 마스 트리 히트 조약 발효 25 주년과 유럽 단일 통화 인 유럽이 방금 만났을 때 EU는 다가오는 유럽 선거에서 역사상 가장 큰 도전 중 하나에 직면 해있다. :,"그러나 현재의 연합과 단일 통화 유로를 설계한 마스 트리 히트 조약 발효 25 주년을 맞이하였을 때, EU는 다가오는 유럽 선거에서 역사상 가장 큰 도전 중 하나에 직면 해있다. :",,47,116690.0,ABC,30
166,"por primera vez se espera que los tradicionales bloques centroizquierda y centroderecha europeístas caigan por debajo del 50% y algunas encuestadoras estiman que en torno a un tercio de los escaños serán ocupados por partidos nacional-populistas, que tratan de torpedear desde dentro los valores europeístas y que paradójicamente se han aprovechado de fondos de la Unión para impulsar sus finanzas.",처음으로 전통적인 중도 좌파와 중도 좌파의 유럽 연합 블록은 50 % 이하로 떨어질 것으로 예상되며 여론 조사원들은 유럽과 유럽의 가치관을 어지럽히도록 노력하는 국민 강대국당이 3 분의 1의 좌석을 차지할 것으로 추정하고있다. 역설적이게도 그들은 유니언 기금을 이용하여 재정을 강화했습니다.,,"처음으로 유럽주의 중도 좌파와 중도 우파의 전통적인 본거지가 50% 이하로 감소할 것으로 예측하고, 일부 여론 조사원은 국가 인민당들이 의석의 1/3을 차지할 것으로 판단하고 있다. 이는 유럽주의 가치를 방해하고 재정을 강화하기 위하여 역설적으로 유럽연합 기금을 사용하고 있다. ",60,678700.0,ABC,61
167,"A lo largo de la última década, las instituciones de la UE han reforzado sus anticuerpos para enfrentarse a prácticas abusivas con dinero europeo. ",지난 10 년 동안 유럽 연합 기관들은 유럽의 돈으로 학대적인 관행을 다루기 위해 항체를 강화했습니다. ,지난 10 년 동안 유럽 연합 기관들은 유럽의 자본으로 권력을 남용하는 관행에 맞서기 위하여 면역력을 강화했습니다. ,,24,140130.0,ABC,29
168,"Aun así, los partidos euroescépticos y las fundaciones políticas han decidido explotar las oportunidades europeas en lugar de boicotear todo lo relacionado con la Unión. ",그럼에도 불구하고 Eurosceptic 정당과 정치 기반은 EU와 관련된 모든 것을 보이콧하는 대신 유럽의 기회를 이용하기로 결정했습니다.,,"그럼에도 불구하고 유럽회의주의 정당들과 그의 정치적 기반들은 유럽연합과 관련된 모든 것을 보이콧하는 대신, 유럽 국가라는 기회를 이용하기로 결정하였다. ",25,116080.0,ABC,36
169,"El portavoz del Parlamento Europeo, Jaume Duch, también trata de lidiar con el auge de los partidos populistas y euroescépticos: ",유럽 의회 (Jaume Duch)의 유럽 대륙 의회의 대변인은 또한 대중 주의자와 유로 지성인들의 부상에 대처하기 위해 노력한다.,유럽의회 대변인 자우마 두크(Jaume Duch)는 또한 인민정당들과 유럽회의주의의 붐에 대항하고자 노력하고 있다. ,,20,268450.0,ABC,72
170,"«No se trata de dar a ciertos países una cantidad determinada de dinero, sino saber en qué políticas invertir. ","""특정 국가에 특정 금액을 제공하는 것이 아니라 투자 할 정책을 알고있는 것입니다.",,"""특정 국가에 특정 금액을 제공하는 것이 아니라 투자할 정책을 파악하고자 하는 것이다.""",19,94430.0,ABC,20
171,"El Eurobarómetro dice que los temas más importantes son el empleo, el crecimiento económico, la gestión de la migración, el cambio climático, medio ambiente y protección social», afirma a ABC. ","유로 바로 메타는 가장 중요한 문제는 고용, 경제 성장, 이주 관리, 기후 변화, 환경 및 사회 보호라고 말했습니다. ","유로 바로 메타는 가장 중요한 문제란 고용, 경제 성장, 이민 관리, 기후 변화, 환경과 사회 보호라고 언급한 것을 ABC가 확인하였다. ",,30,127780.0,ABC,25
172,"El problema, según el portavoz de la UE, es que para satisfacer estas necesidades los Estados miembros deberían asumir una contribución mayor, pero los países no están dispuestos a gastar más dinero en el presupuesto común una vez que el Brexit se consuma y aleje a la Unión de un contribuyente fundamental como Reino Unido. ",EU 대변인에 따르면이 문제는 회원국들이 더 큰 기여를해야한다는 요구를 충족시키지 못하지만 Brexit이 완성되고 유럽 연합에서 벗어나면 국가들은 공통 예산에 더 많은 돈을 쓰려고하지 않는다. 영국과 같은 근본적인 납세자 연합.,,"유럽연합 대변인에 따르면, 문제는 회원국들의 요구에 충족시키고자 보다 많은 세금을 떠맡아야 하지만, 브렉시트가 완료되고 영국이 연합의 주요 납세자에서 벗어난 후, 공동 예산에 더 지출할 의사가 없다는 것이다. ",55,442580.0,ABC,68
173,"«Pero el populismo no puede ser la solución a estos problemas», advierte.","""그러나 포퓰리즘은 이러한 문제에 대한 해결책이 될 수 없다""고 그는 경고했다.","그는 ""그러나 포퓰리즘은 이러한 문제에 대한 해결책이 될 수 없다""고 경고했다.",,12,73770.0,ABC,13
174,"Desde el lleno de Vistalegre, el partido español VOX, inspirado en los consejos del exasesor de Donald Trump Steve Bannon y el éxito del antiguo Frente Nacional en Francia o la Liga en Italia, aspira a conseguir representación en el Parlamento Europeo gracias a la circunscripción electoral única, lo que supondría un notable estímulo tanto a nivel de exposición pública como para sus finanzas, tal como hizo Podemos en 2014.",전직 도널드 트럼프 컨설턴트 인 스티브 반넌 (Steve Bannon)의 충고와 프랑스의 국가 전선 (National Front) 또는 이탈리아 리그의 성공에 힘 입어 Vistalegre (Vistalegre)가 가득한 이래로 VOX는 선거구 선거구 덕분에 유럽 의회에서 재판을받는 것을 목표로합니다. Podemos가 2014 년에했던 것처럼 공개 노출 수준과 재정 측면에서 중요한 자극이 될 것입니다.,,"전직 도널드 트럼프의 고문 스티븐 반넌의 조언, 프랑스 국민연합당의 승리, 이탈리아 북부동맹의 성공에 힘 입어, 스페인의 VOX 정당은 비스타레그레 궁을 가득 메운 이후, 유럽의회에서 대표가 되는 것을 꿈 꾸고 있다. 이는 2014년 포데모스 당이 했던 것처럼, 대중에게 노출된 수준과 정치 자금 측면에서 상당히 주목할만한 자극을 준 독특한 선거구 상황 덕분이다. ",70,792620.0,ABC,71
175,"«Es curioso ver cómo algunos partidos antieuropeos cuando entran en el Gobierno moderan su lenguaje, pero en otros países ocurre todo lo contrario: ",«반유럽 정당이 정부에 들어갈 때 자신들의 언어를 온건하게 비판하는 방법을 알고 싶지만 다른 국가에서는 그 반대가 발생합니다.,"«반유럽 정당이 정부에 들어갈 때 어떻게 자신들의 언어를 완화하는지 보는 것은 흥미롭지만, 다른 국가에서는 그 반대 상황이 발생합니다. ",,23,250650.0,ABC,31
176,"Italia, Hungría y Polonia son diferentes», considera Paul Schmidt, editor del capítulo austriaco del libro «El futuro de Europa - visiones desde las capitales», presentado en el Real Instituto Elcano.","이탈리아, 헝가리, 폴란드는 다르다 ""고 Elcano Royal Institute에서 발표 한""유럽의 미래 - 수도의 전망 ""이라는 오스트리아 지부 편집장 Paul Schmidt가 고려한다.",,"이탈리아, 헝가리, 폴란드는 다르다."" 엘카노 로얄 인스티튜트에서 발표한 '유럽의 미래: 수도의 비전'의 오스트리아 챕터 편집자인 폴 슈미트의 의견이다. ",30,235550.0,ABC,50
177,"Aunque esos partidos van a ser más influyentes, el responsable del apartado español del mismo título, Ignacio Molina (Real Instituto Elcano), cree que será más difícil articular una posición común. ","비록 그 당사자들이 더 영향력이 있지만, 같은 제목의 스페인어 부문 책임자 인 Ignacio Molina (Real Instituto Elcano)는 공동의 입장을 분명히하기가 더 어려울 것이라고 믿는다.","비록 이 정당들의 영향력이 더 크지만, 같은 제목의 스페인 챕터 책임자 인 이그나시오 모리나 (Real Instituto Elcano)는 공통된 입장을 취하기 더욱 어려워질 것이라고 믿는다.",,30,193200.0,ABC,30
178,"«No existe un solo partido euroescéptico, existen veintitantos, cada uno con su sensibilidad. ","""유로 이탈리즘 당이 하나도 없으며, 감성이있는 스무 명의 사람들이 있습니다. ",,"""단일한 유럽회의주의 정당은 존재하지 않는다. 20여개가 있으며 각자 다른 성향을 고수한다. ",13,75430.0,ABC,73
179,"De forma divertida, el partido más euroescéptico extremista húngaro es antieslovaco y el eslovaco, antihúngaro; ","재미있는 방법으로, 대부분의 Eurosceptic 극단적 인 헝가리 당은 반대로 슬로바키아어이고 반대로 헝가리 인 슬로바키아어이다; ","재미있는 방법으로, 가장 극단적인 유럽회의주의 헝가리 정당은 안티슬로바키아와 친슬로바키아, 안티헝가리이다. ",,15,109330.0,ABC,59
180,"no va a ser tan sencillo ponerlos en común», agrega.","공통점을 두는 것은 그렇게 쉬운 일이 아닙니다. ""라고 그는 덧붙입니다.",,"이들을 한 데 엮는 것은 간단하지 않을 것이다"" 라고 덧붙였다. ",10,39980.0,ABC,67
181,"En términos de ingresos fijos, cada eurodiputado recibe un salario de alrededor de 6.600 euros netos al mes, 4.400 para gastos de oficina sin justificar y alrededor de 24.000 para asesores.","고정 수입 측면에서, 각 MEP는 월 6,600 유로의 순이익을, 정당화되지 않은 사무 경비는 4,400, 고문은 약 24,000의 급여를받습니다. ","고정 수입 측면에서, 각 유럽의회 의원은 매월 세후 6,600 유로, 비증빙 사무 경비로 4,400유로, 고문으로서 약 24,000유로를 받습니다. ",,31,341360.0,ABC,44
182,"Además, cada parlamentario tiene ingresos mensuales variables (viajes por día) y una pensión de jubilación del 3.5% del salario por un año completo. ",또한 각 국회의원마다 월별 소득 (일별 출장)이 다양하고 연중 연봉의 3.5 %에 달하는 퇴직 연금이 있습니다. ,,또한 각 의원은 다양한 월수익(일간 출장비)과 연중 연봉의 3.5%에 달하는 퇴직 연금이 있다. ,23,78090.0,ABC,33
183,«El problema real es cómo controlar este dinero: ,"""진짜 문제는이 돈을 제어하는 ","""진짜 문제는이 돈을 제어하는 ",,8,22440.0,ABC,0
184,"si no va a la sesión plenaria, debería tener menos dinero: ",본회의에 참석하지 않으면 적은 돈을 벌 수 있습니다 :,,본의회에 참석하지 않는다면 더 적은 돈을 받아야 할 것이다. ,11,54000.0,ABC,44
185,"si asiste a menos del 51% de los votos en las sesiones plenarias, obtendrá la mitad del recorte salarial. ",본회의에서 51 % 미만의 표결에 출석하면 급여 삭감의 절반을 받게됩니다.,본회의에서 투표율의 51 % 미만으로 출석하면 급여 삭감의 절반을 받게됩니다.,,19,134020.0,ABC,23
186,"Luego está la partida pensada para gastos de la oficina, como una nueva impresora o iPad, pero que carece de control. ",그런 다음 새로운 프린터 나 iPad 같은 사무 비용을 위해 고안된 게임이 있지만 통제가 없습니다. ,,이후 신형 프린터나 아이패드 같은 사무비용을 고려하는데 이를 통제할 길이 부족하다. ,21,110400.0,ABC,57
187,"Eurodiputados de los verdes y socialdemócratas dicen exactamente «pagué 200 euros por un traje», pero no están obligados a hacerlo. ","녹색당과 사회 민주당 원들의 MEP들은 정확하게 ""나는 200 유로를 지불했다""고 말하지만 그렇게 할 의무는 없다. ","녹색당과 사회 민주당 원들의 유럽의회 의원들은 ""나는 정장 한 벌에 200 유로를 지불했다""고 정확하게 말하지만 그렇게 할 의무는 없다. ",,20,89530.0,ABC,28
188,"Además, hay muchas personas poderosas de fuera de Europa que financian dando enormes subvenciones a estos partidos y tenemos que evitarlo», dicen fuentes del Parlamento Europeo a ABC.","게다가 외부 유럽 출신의 많은 강력한 사람들이이 당사자들에게 거대한 보조금을 제공하고 우리는이를 피할 필요가있다 ""고 유럽 의회 소식통은 ABC에 말했다.",,"게다가 이 정당들에 거대한 보조금을 제공하는 비유럽출신의 여러 유력 인사들이 있고, 우리는 이를 막아야 한다."" 라고 유럽의회 소식통이 ABC에게 말했다. ",28,145810.0,ABC,60
189,"Según la Declaración 11 del Tratado de Niza de 2001, la financiación de la UE para los partidos políticos europeos no puede utilizarse para financiar, ni directa ni indirectamente, campañas nacionales. ","2001 년 좋은 조약 (Nice Treaty of 2001)의 선언에 따르면, 유럽 연합 정당에 대한 EU의 기금은 국가 캠페인에 직접 또는 간접적으로 자금을 제공하는 데 사용할 수 없습니다. ","2001 년 니스 조약 (Nice Treaty of 2001)의 11 선언에 따르면, 유럽연합의 정당을 위한 EU의 기금은 국가 캠페인에 직접 또는 간접적으로 사용할 수 없습니다. ",,31,335360.0,ABC,18
190,"«Mientras que los subsidios europeos debían reforzar el sistema político de la UE y abordar el déficit democrático, los euroescépticos han utilizado principalmente sus recursos para apoyar a sus partidos nacionales», escribe Wouter Wolfs, investigador del Instituto de Gobernanza Pública de KU Leuven, para el Foro contra la corrupción y la integridad de la OCDE, donde resalta la evolución de las formaciones euroescépticas desde hace veinte años, pasando del total boicot a una participación muy intensa en las instituciones y elecciones europeas.","쿠루 벤 (KU Leuven) 공공 거버넌스 연구소의 연구원 인 우스터 울프 스 (Wouter Wolfs)는 ""유럽의 보조금은 EU 정치 체제를 강화하고 민주적 인 적자를 다루어야하지만 Eurosceptics는 자국의 정부를 지원하기 위해 주로 자원을 사용했다"" OECD의 부패와 청렴성 반대 포럼 - 전체 보이콧에서부터 유럽 제도와 선거에 대한 매우 치열한 참여에 이르기까지 20 년 동안 유로 지성 형성의 진화를 강조합니다.",,"벨기에 루뱅 가톨릭대학교의 공공 거버넌스 연구소 바우터 울프 연구원은 OECD의 부패 타결과 청렴결백 포럼에서 다음과 같이 작성하였다. ""유럽 보조금이 EU 정치 체제를 강화하고 민주적인 결함을 다루었어야 하는 한편, 유럽회의주의자들은 주로 자국의 정당을 지원하기 위하여 자원을 사용하였다."" 이 포럼에서 이들 회의주의자들의 전적인 보이콧부터 유럽 기관과 선거에 매우 열렬한 참여까지, 지난 20년간 유럽회의주의 진형의 진화를 부각되었다. ",82,915190.0,ABC,58
191,"En 2016, Morten Messerschmidt, eurodiputado danés del ahora desaparecido Movimiento por una Europa de Libertades y Democracia (MELD) que utilizó fondos europeos para apoyar campañas nacionales, se vio obligado a devolver este dinero. ","2016 년에, Morten Messerschmidt, 자유주의와 민주주의 (MELD)의 국가 운동을 지원하기 위하여 유럽 기금을 사용한 지금 무효 한 운동의 덴마크 MEP는,이 돈을 돌려 보내야했다.","2016년, 현재는 사라진 자유와 민주주의의 유럽을 위한 운동의 덴마크 유럽 의원 Morten Messerschmidt는 자국 캠페인을 지지하는 데 사용한 유럽 기금을 반환해야 했다. ",,33,271610.0,ABC,79
192,"«Con Marine Le Pen, los servicios del Parlamento han demostrado claramente que usaron fondos europeos para trabajar en asuntos nacionales. ","""마린 르 펜 (Marine Le Pen)을 통해 의회의 서비스는 유럽의 자금을 사용하여 국가 문제를 해결한다는 것을 분명히 보여주었습니다. ",,"""마린 르 펜을 통하여 의회의 서비스는 유럽 기금을 자국의 이슈에 사용하였다는 것을 명백하게 보여주었다. ",20,133790.0,ABC,49
193,"En ese caso, la ley es que tienen que devolver este dinero», dice la italiana Mercedes Bresso, vicepresidenta del grupo del Partido Socialista Europeo en el Parlamento. ","이 경우 법안은이 돈을 갚아야한다는 것 ""이라고 의회의 유럽 사회당 당원 인 이탈리아 메르세데스 브레소 (Mercedes Bresso) 부회장은 말했다. ","이 경우, 이 기금을 반환하여야 한다는 것이 법이다.""이라고 의회의 유럽사회당 부의장인 이탈리아의 메르세데스 브레소 (Mercedes Bresso) 가 말하였다. ",,27,156600.0,ABC,29
194,"Junto con el alemán Rainer Wieland (Partido Popular Europeo), Bresso lideró una propuesta de resolución sobre la financiación de los partidos políticos y las fundaciones políticas a nivel europeo. ",독일인 Rainer Wieland (유럽 인민당)와 함께 Bresso는 유럽 차원에서 정당 및 정치 재단 자금 조달에 대한 결의안을 주도했습니다. ,,독일의 라이너 비란드(유럽인민당)과 함께 브레소는 유럽 차원의 정당과 정치 재단 자금 조달에 대한 결의안을 주도하였다. ,29,312420.0,ABC,36
195,La oficina antifraude (OLAF) ya ha llevado casos como este a los tribunales.,부정 방지 사무소 (OLAF)는 이미 이런 경우를 법원에 제기했습니다. ,부정 방지 사무소 (OLAF)는 이미 이와 같은 사례를 법원에 제기했습니다. ,,13,43180.0,ABC,13
196,"Además, el Comité Europeo de Control Presupuestario descubrió que el grupo Europa de las Naciones y la Libertad, donde se agrupan partidos de extrema derecha como el antiguo Frente Nacional francés, la Liga (Italia), el Partido de la Libertad de Austria (FPÖ, socio del Gobierno de Sebastian Kurz en Austria) y el Partido de la Libertad (PVV, Holanda), presuntamente gastó ilegalmente 427.000 euros de fondos de la UE en 2016. ","또한, 유럽 예산 관리위원회 (European Committee of Budgetary Control)는 극단적 인 권리 그룹이 구 프랑스 국가 전선 (French National Front), 리그 (Italy), 오스트리아 자유당 (FPÖ, 오스트리아 세바스티안 쿠르츠 정부의 파트너)와 자유 당 (네덜란드 PVV)은 2016 년 EU 자금 427,000 유로를 불법적으로 보냈다고합니다.",,"또한 유럽예산관리위원회는 프랑스의 옛 국가전선, 북부동맹(이탈리아), 오스트리아 자유당(FPO, 오스트리아 제바스티안 쿠르츠 정부의 파트너), 자유당(PVV, 네덜란드)과 같은 극우당이 한데 모인 국가와 자유의 유럽 단체는 2016년 유럽 기금의 대략 42만 7천 유로를 불법적으로 소비하였다.",70,498810.0,ABC,71
197,"Lo emplearon en bebidas caras (champagne), cenas y regalos para empleados. ","그들은 고가의 음료 (샴페인), 저녁 식사 및 직원 선물로 사용했다.","그들은 이 비용을 고가의 음료 (샴페인), 저녁 식사 및 직원 선물로 사용했다.",,11,32450.0,ABC,13
198,La Comisión de Control Presupuestario del Parlamento Europeo (CONT) recomendó recuperar el dinero a partir de un recorte proporcional en futuros fondos para el grupo Europa de las Naciones y la Libertad.,유럽 ,,유럽의회의 예산통제위원회는 국가와 자유의 유럽 단체를 위한 향후 자금의 비례 삭감으로 해당 비용을 회수할 것을 권고하였다. ,32,72750.0,ABC,46
199,«No creo que el Parlamento Europeo esté ahora mejor preparado porque el sistema siempre ha funcionado. ,"""나는 시스템이 항상 일 때문에 유럽 의회는 지금 더 잘 준비라고 생각하지 않습니다. ","""나는 시스템이 항상 잘 작동하고 있기 때문에 유럽 의회가 지금 준비가 더욱 잘되었다고 생각하지 않습니다. ",,16,123980.0,ABC,31
200,"Ha destapado fraudes y ahora ha habido un caso en el Tribunal en el que se ha pedido devolver el dinero», dijo Laurin Berresheim, quien prepara el trabajo de Arndt Khon (eurodiputado de los socialdemócratas alemanes) en el Comité de Control Presupuestario. ","그것은 사기를 밝혀 냈고 지금은 재판소에 돈을 돌려 줄 것을 요청한 사례가있다 ""라고 예산 통제위원회의 Arndt Khon (독일 사회 민주주의 자들의 MEP)의 작업을 준비하는 Laurin Berresheim은 말했다.",,"사기가 밝혀졌고, 지금 유럽재판소에서 비용 반환을 요청한 경우가 있었다."" 예산통제위원회에서 Arndt Khon(독일사회민주당의 유럽의회 의원)의 업무를 준비하고 있는 Laurin Berresheim이 말하였다. ",42,281800.0,ABC,39
201,Este organismo supervisa cómo se gasta el dinero europeo: ,이기구는 유럽의 돈이 어떻게 소비되는지를 감시합니다.,이기구는 유럽의 돈이 어떻게 소비되는지를 감시합니다.,,9,16440.0,ABC,0
202,"no solo cómo lo emplean miembros de las instituciones, sino también en lo que se refiere a proyectos europeos. ",기관의 구성원들에 의해 사용되는 방법뿐만 아니라 유럽 프로젝트들에 대해서도 사용됩니다.,,기관의 구성원들이 사용하는 방법뿐만 아니라 유럽 프로젝트에서 운용되는 것을 포함한다. ,19,41770.0,ABC,37
203,"Según Gabriel Richard-Molard, asistente de Bresso y que también trabajó en esta moción, «hace diez años no teníamos un registro de transparencia adecuado ni un reglamento eficaz, tampoco una dirección general de finanzas. ","Bresso의 조수 인 Gabriel Richard-Molard와이 운동에 또한 참여한 사람은 ""10 년 전에 적절한 투명성이나 효과적인 규제 또는 일반적인 금융 방향에 대한 기록이 없었습니다.","이와 같은 업무에 종사하면서 Bresso의 조수인 Gabriel Richard-Molard에 따르면, ""10 년 전에는 적합한 투명성의 등록처나 효과적인 규제 또는 일반적인 금융 방향에 대한 기록이 없었습니다.",,33,155770.0,ABC,33
204,"Tuvimos que adaptarnos, sí, definitivamente estamos mejor preparados que antes».","우리는 적응해야했습니다. 예, 우리는 이전보다 확실히 준비가 잘되어 있습니다.",,"우리는 적응해야만 했다. 그렇다. 확실히 이전보다는 준비가 잘되어 있다.""",10,102090.0,ABC,39
205,"Para Berresheim, los eurodiputados tienen todas las mismas reglas sobre cómo gastar su dinero; ",Berresheim에게있어 MEP는 돈을 쓰는 법에 대해 모두 동일한 규칙을 가지고 있습니다. “,Berresheim의 입장에서 비용 소비에 관하여 MEP는 모두 동일한 규칙을 가지고 있습니다. ,,14,89820.0,ABC,38
206,«pero las reglas no deberían ser más estrictas para los representantes de determinado color político: ,«그러나 어떤 정치적 색채의 대표자들에게는 규칙이 엄격 해져서는 안된다.,,"""그러나 그 규정들이 특정 정치색의 대표자들에게 더 엄격하게 적용되어서는 안된다. ",15,56730.0,ABC,50
207,sigue siendo una democracia».,그것은 여전히 ,그것은 여전히 ,,4,7680.0,ABC,0
208,"El 13 de septiembre de 2017, la Comisión Europea adoptó una propuesta para enmendar las normas sobre el estatuto y la financiación de los partidos políticos europeos y las fundaciones políticas europeas y con la que se pretende revisar el actual reglamento de 2014, previo a las elecciones europeas de 2019, para atajar varias lagunas legales. ",2017 년 9 월 13 일 유럽 집행위원회는 유럽 정당 및 유럽 정치 기금에 관한 법규 및 기금에 관한 규칙을 개정하고 선거 이전에 현행의 2014 년 규정을 개정하고자하는 제안을 채택했습니다 여러 법적 허점을 다루기 위해 2019 년 유럽인.,,"2019년 유럽 선거에 앞서 2014년 현행법을 검토하고자 2017년 9월 13일 유럽위원회는 유럽 정당의 법규와 재정, 유럽 정치 자금에 대한 규칙을 개정하는 제안을 채택하였다. 이는 다양한 법적인 결함을 저지하기 위함이다. ",56,290840.0,ABC,71
209,"«Las enmiendas propuestas se centran en proporcionar más transparencia, mejorar la legitimidad democrática y fortalecer la aplicación de la ley», según el informe sobre estatuto y el financiación de partidos políticos y las fundaciones europeas redactado por Wieland y Bresso. ","""제안 된 개정안은 Wieland와 Bresso에 의해 작성된 정당과 유럽 재단의 법령과 기금에 관한 보고서에 따르면,보다 투명성을 제 공하고, 민주적 정당성을 향상시키고, 법률 적용을 강화하는 데 중점을 둡니다.","""제안 된 개정안은 Wieland와 Bresso가 작성한 유럽 정당과 재단의 법규와 재정에 관한 보고서에 따르면,보다 투명성을 제 공하고, 민주적 정당성을 향상시키며, 법률 적용을 강화하는 데 중점을 둡니다.""",,40,128070.0,ABC,13
210,"Esta moción, pendiente de la votación en el plenario, establece que particulares ya no pueden patrocinar el registro de un partido político europeo, solo partidos políticos. ",총회에서 투표를 기다리는이 동의안은 개인이 더 이상 유럽 정당의 정당 등록을 후원 할 수 없다는 것을 확증합니다.,,총회에서 투표를 기다리고 있는 이 발의는 개인들이 한 유럽 정당의 등록을 더이상 후원할 수 없고 정당들만 등록할 수 있게 한다. ,26,193090.0,ABC,48
211,"«La financiación ahora se vinculará con los resultados reales de las votaciones, haciendo que los partidos políticos europeos sean más europeos», dijo el relator Rainer Wieland en una sesión informativa.","브리핑에서 레이더 위 랜드 (Raidereur Rainer Wieland)는 ""현재 자금 조달은 실제 투표 결과와 연결되어 유럽의 정당을 더욱 유럽 적으로 만든다""고 말했다.","브리핑에서 레이더 위 랜드 (Raidereur Rainer Wieland)는 ""현재 자금 조달은 유럽 정당을 더욱 유럽적으로 만들면서 실제 투표 결과와 연계시킨다:고 보고하였다. ",,30,122670.0,ABC,36
212,"En 2018, según el informe de Bresso y Wieland, se ha asignado un total de 32,44 millones de euros para subvenciones a los partidos políticos europeos dentro del presupuesto de la UE, y 19,32 millones de euros para subvenciones a fundaciones políticas europeas. ","Bresso와 Wieland 보고서에 따르면 2018 년 EU 예산 내에서 유럽 정당 보조금으로 324.4 백만 유로, 유럽 정치 재단 보조금으로 1,932 만 유로가 할당되었습니다. .",,"Bresso와 Wielan의 보고서에 따르면, 2018년 유럽연합 예산 안에서 유럽 정당 보조금으로 총 3천 244만 유로가, 유럽 정치 재단의 보조금으로 1천 932만 유로가 할당되었다. ",43,186130.0,ABC,21
213,"Un donante puede donar un máximo de 18.000 euros al año, sin embargo, los nombres de los donantes solo deben ser publicados para cualquier donación por encima de los 3.000 euros.","기증자는 연간 최대 18,000 유로를 기부 할 수 있지만, 기부자의 이름은 3,000 유로 이상의 기부금으로 만 게시되어야합니다.","기부자 한 명 당 연간 최대 18,000 유로를 기부 할 수 있지만, 기부자의 이름은 3,000 유로 이상의 기부금으로 만 게시되어야합니다.",,31,78500.0,ABC,8
214,"Como se hizo eco el portal especializado «EUObserver», dos partidos ultranacionalistas en el Parlamento Europeo ya no tendrán derecho a recibir fondos de la UE después de no cumplir con las condiciones mínimas. ",전문 포털«EU Observer»의 말처럼 유럽 의회에 소속 된 2 개의 초 민족 주의자들은 최소 조건을 충족시키지 못하면 더 이상 EU 기금을받을 자격이 없다.,,"전문 포털 'EUObserver의 발언처럼, 유럽의회에서 두 초국가주의 정당은 최소한의 조건을 충족시키지 못한다면 유럽연합의 자금을 받을 자격이 없을 것이다. ",33,125480.0,ABC,46
215,"La autoridad independiente que supervisa los partidos y fundaciones anunció a finales de septiembre que la Alianza de los Movimientos Nacionales Europeos (AEMN) y la Alianza para la Paz y la Libertad (APF), donde se encuentra el UKIP británico, uno de los partidos más denunciados por abusos de los fondos europeos, han sido eliminadas de su lista de registro. ",유럽 연합 운동 연합 (AEMN)과 UKIP가 소재한 평화 자유 연맹 (APF)이 9 월 말에 발표 한 정당과 재단을 총괄하는 독립적 인 당국은 유럽의 자금 남용으로 비난 받아 등록 목록에서 삭제되었습니다.,"9 월 말, 정당과 재단을 감시하는 독립적 인 당국은 영국 UKIP가 소재한 평화 자유 연맹 (APF)과 유럽국가운동연맹(AEMN)이 등록처 목록에서 삭제되었다고 발표하였다. 이는 유럽의 자금 남용으로 비난 받은 정당 중 하나이다. ",,59,358510.0,ABC,61
216,"A este último, ya disuelto, se le impuso la devolución 1,1 millones de euros al Parlamento Europeo por uso indebido de dinero europeo.",이미 해체 된 후자는 유럽의 돈을 오용하여 유럽 의회에 110 만 유로를 상환했다.,,이 해체된 후자는 유럽 기금을 부당하게 이용한 이유로 유럽의회에 110만 유로를 상환하였다. ,23,80650.0,ABC,38
217,"El Parlamento Europeo está discutiendo el nuevo marco financiero plurianual para los años 2021-2027, donde está sobre la mesa la opción de otorgar más capacidad económica a la Autoridad para controlar el uso de los Fondos de la UE. ",유럽 의회는 2021 년에서 2027 년까지의 새로운 다년간 금융 체제에 대해 논의 중이며 EU 당국이 EU 자금 사용을 통제 할 수있는 경제적 능력을 더 많이 부여 할 수있는 방안이 논의되고있다.,유럽 의회는 2021 년에서 2027 년까지 새로운 다년간 재정 체제에 대해 논의하고 있다. 이 방안에는 EU 당국이 EU 자금 사용을 통제 할 수있는 경제력을 더 많이 부여 할 수있는 자격을 논하고 있다. ,,39,223010.0,ABC,20
218,"«En este momento tenemos tres actores diferentes que verifican el uso de los Fondos de la UE: Dirección General de Finanzas (DGFIN), el Comité Independiente de Personas Eminente y también la Autoridad para los Partidos Políticos Europeos y las fundaciones políticas europeas (EUPPF) (...) ","""현재 EU 재무 기금 (DGFIN), 저명한 인물위원회 (Independent Committee of Eminent Persons), 그리고 유럽 정당 및 유럽 정치 재단 (EUPPF) 당국의 EU 기금 사용을 검증하는 3 가지 행위자가있다. (...)",,"""이 시점에서  EU기금 사용을 검증하는 유관기관은 총 3개 기관으로, 재무총괄집행부(DGFIN), 저명인사독립위원회, 유럽정당과 유럽 정치 재단을 위한 당국(EUPPF)이다...",44,359000.0,ABC,78
219,"Pero aparte de la cuestión de tener una regulación adecuada para evaluar el uso indebido de los fondos europeos para actividades políticas, el punto principal es poder analizar de manera eficiente la forma en que utilizan los Fondos de la UE. ",그러나 정치 자금에 대한 유럽 자금의 오용을 평가할 적절한 규제가있는 문제는 별개로 EU 자금 사용 방법을 효율적으로 분석 할 수있는 것이 주요 포인트입니다.,"그러나 정치 활동을 위한 유럽 기금의 오용을 평가할 적합한 규정을 마련하는 문제와 별개로, EU기금 사용법의 효율적인 분석 능력이 주요 포인트입니다.",,41,116790.0,ABC,31
220,"Tenemos muy pocos recursos humanos aquí», concluye Bresso.","우리는 여기에 인적 자원이 거의 없다 ""고 Bresso는 결론 지었다.",,"여기 이를 위한 인력은 매우 적다."" Bresso가 결론 지었다. ",8,40740.0,ABC,46
221,[HEADLINE] Prevén alta tasa de participación en las elecciones estadounidenses,미국 선거의 높은 참여율 방지,미국 선거의 높은 참여율 방지,,10,11230.0,KBS World,0
222,Estados Unidos celebra el martes 6 elecciones de mitad de periodo.,미국은 화요일 6 차례 중간 선거를 실시한다.,,"화요일, 미국은 중간 선거를 6차례 실시한다. ",11,17120.0,KBS World,53
223,"El estado de Vermont fue el primero en abrir las puertas de sus colegios electorales, a las 5 de la madrugada, hora local. ",버몬트 주 (州)는 현지 시간으로 오전 5시에 처음으로 투표소 문을 열었습니다. ,버몬트 주 (州)는 현지 시간으로 오전 5시에 처음으로 투표소 문을 열었습니다. ,,23,19030.0,KBS World,0
224,"Las votaciones comienzan de este a oeste de forma consecutiva por los distintos husos horarios, y los comicios finalizarán al cerrar las urnas en Hawái a las 11 de la noche. ",서로 다른 시간대를 거쳐 동서로 투표가 연속적으로 시작되며 하와이 여론 조사가 밤 11시에 끝나면 선거가 끝납니다.,,"서로 다른 시간대를 거쳐도 동서로 투표가 연속적으로 시작되었고, 오후 11시 하와이의 투표 마감으로 모든 선거가 끝난다. ",31,72150.0,KBS World,38
225,"Estos comicios renovarán los 435 escaños de la Cámara de Representantes, 35 de los 100 escaños del Senado y 36 de los 50 gobernadores. ","이 선거는 하원 의원 435 석, 상원 100 석 중 35 석, 상원 50 석 중 36 석을 갱신한다.","이 선거는 하원 의원 435 석, 상원 100 석 중 35 석, 상원 50 석 중 36 석을 갱신할 것이다. ",,23,19770.0,KBS World,8
226,"Se prevé una tasa de votación extraordinariamente elevada, pues para el pueblo estadounidense es la ocasión de evaluar los primeros dos años de Donald Trump como presidente. ",미국 국민의 경우 도널드 트럼프 (Donald Trump)의 첫 2 년을 대통령으로 평가할 기회이기 때문에 매우 높은 투표율이 예상됩니다.,,미국 국민들이 도널드 트럼프 대통령의 2년 임기를 평가할 기회이기 때문에 이례적으로 높은 투표율이 예상된다. ,27,93350.0,KBS World,45
227,"Si bien la competencia es reñida, los expertos prevén que el Partido Demócrata renovará la mayoría en la cámara baja por primera vez en ocho años -suponiendo un gran obstáculo para Trump, que busca la relección en 2020-, mientras que estiman que el Senado mantendrá el predominio republicano. ",경쟁이 치열한 상황에서 전문가들은 8 년 만에 처음으로 민주당이 하원에서 다수를 갱신 할 것으로 예상한다. 트럼프는 2020 년 재선을 모색하는데 큰 걸림돌이된다. 공화당 우세,"이 치열한 경쟁 속에서, 전문가들은 상원에서 공화당이 우세할 것으로 예측되는 한편, 8 년 만에 처음으로 민주당이 하원에서 다수를 갱신 할 것으로 예상한다. 이는 2020 년 재선을 모색하고 있는 트럼프에게 큰 걸림돌이 될 것이다. ",,48,132050.0,KBS World,42
228,[HEADLINE] Investigan al gobernador de Jeju por presunta violación de la ley electoral,선거법 위반 혐의로 제주 총독을 조사한다.,,선거법 위반으로 제주도지사 조사,13,70970.0,KBS World,43
229,"El gobernador de Jeju, Won Hee Ryong, fue interrogado por la Policía sospechoso de haber violado la Ley de elecciones a cargos públicos. ",제주도 원희룡 총재는 공직 선거법을 위반 한 것으로 의심되는 경찰이 의문을 제기했다.,제주도지사 원희룡은 공직선거법 위반으로 경찰의 조사를 받고 있다. ,,23,70440.0,KBS World,55
230,"En concreto, la acusación contra el político se centra en no respetar el periodo oficial de campaña al presentar sus promesas electorales y visiones antes de que el mismo empezara, y por divulgar falsa información al comentar sin pruebas objetivas que en la afluencia masiva de capital chino en el desarrollo urbano de Jeju estuvieron implicados, tanto el político que fue su rival en las elecciones, como un ex gobernador de Jeju. ","특히 정치인에 대한 비난은 공식 선거 운동 기간을 존중하지 않는 데 초점을두고있다. 선거 전의 약속과 비전을 시작하기 전에 제시하고, 중국 자본의 대규모 유입 선거에서 경쟁자였던 정치인이자 전 총재직이었던 제주도의 도시 개발에 참여했다.",,"정확하게, 이 정치인에 대한 혐의는 공식적인 캠페인 기간을 준수하지 않은 데 중점을 두고 있다. 선거 전 선거 공약과 비전을 제시한 점, 제주도 도시 개발에 중국 자본의 대규모 유입에서 선거에서 경쟁하였던 후보뿐만 아니라 전 제주도지사가 연루되었다고 밝혔다는 점인데, 객관적인 증거 없는 거짓 정보를 퍼트렸다는 데 혐의를 두었다. ",72,397500.0,KBS World,55
231,El interrogatorio duró nueve horas y Won regresó a casa a las 3:00 de la madrugada del sábado 29. ,"심문은 9 시간 동안 지속되었고, 원 총리는 토요일 29시에 아침 3시에 귀국했다.","심문은 9 시간 동안 지속되었고, 원 도지사는 29일 토요일 오전 3시에 귀가하였다.",,19,41350.0,KBS World,29
232,[HEADLINE] El presidente Moon Jae In sigue perdiendo apoyo,"문재인 회장, 계속지지를 잃다.",,"문재인 대통령, 지지율 지속 하락",9,15880.0,KBS World,61
233,"La tasa de apoyo al presidente Moon Jae In y a su partido, The Minjoo, cayó al nivel más bajo desde mayo de 2017, mes en que se celebraron elecciones presidenciales prematuras tras la destitución de la ex presidenta Park Geun Hye. ","대통령 문재인 일행의 Minjoo에 대한 지원의 비율 월 2017 년 이후 가장 낮은 수준으로 떨어졌습니다, 전 대통령 박근혜의 축출 이후 한 달 조기 대통령 선거가 일어났다.",대통령 문재인과 그의 정당인 민주당에 대한 지지율이 박근혜 전대통령의 탄핵 한 달 이후 대통령 선거가 실시된 달인 2017 년 5월 이후 가장 낮은 수준으로 떨어졌습니다. ,,42,137320.0,KBS World,71
234,Este es el resultado que arrojó la encuesta realizada por la agencia de estudios de opinión pública Realmeter a 1.005 surcoreanos mayores de edad entre el 13 y el 14 de agosto. ,"이는 여론 조사 기관인 Realmeter가 8 월 13 일에서 14 일 사이에 거주하는 1,005 명의 한국인을 대상으로 실시한 설문 조사의 결과입니다.",,"이는 8월 13일부터 14일 사이에 여론조사기관인 리얼미터가 성인 한국인 1,005명을 대상으로 실시한 설문조사 결과이다. ",32,201020.0,KBS World,60
235,"En ella el mandatario registró un apoyo popular del 55,6%.",그것에서 대통령은 55.6 %의 대중적인 지원을 등록했다.,문 대통령은 55.6 %의 지지율을 기록하였다. ,,10,39430.0,KBS World,43
236,El porcentaje es el más bajo en lo que va de su administración. ,그 비율은 행정부에서 지금까지 최저치이다.,,이 비율은 그의 행정부에서 기록한 가장 낮은 수치이다. ,13,30110.0,KBS World,48
237,"El descenso se debe, según Realmeter, a la reforma del sistema de pensión nacional y a la confianza de la población en el actual Gobierno, que decrece tras ser declarado inocente el ex gobernador de Chungcheong del Sur, Ahn Hee Jung, en su juicio por abuso sexual. ","Realmeter에 따르면, Realmeter에 따르면, 국민 연금 제도의 개혁과 현 정부의 국민에 대한 신뢰 (무죄로 선언 된 후 감소 함), 남 충의 전 총리 안희정 (An Hee Jung)은 학대에 대한 재판에서 성적인","리얼미터에 따르면, 충청남도 도지사 안희정(An Hee Jung)의 성희롱 혐의에서 무죄 판결을 내린 현 정부에 대한 국민들의 신뢰와 국민 연금 제도 개혁으로 인하여 감소하였다. ",,47,152130.0,KBS World,76
238,"Asimismo el partido en el poder, The Minjoo, perdió apoyo al contar con un 37% de respaldo ciudadano, unos tres puntos porcentuales menos que hace una semana. ",또한 권력자 인 민주 (Minjoo)는 일주일 전보다 약 3 % 포인트 낮은 37 % 시민 지원으로지지를 잃었다.,,또한 지난주 여권인 민주당의 시민 지지율이 지난주보다 3% 더 낮아진 37%를 기록하였다.,27,164770.0,KBS World,66
239,"El sondeo presenta un margen de error de 3,1 puntos porcentuales y un nivel de confianza del 95%. ",설문 조사의 오차 범위는 3.1 % 포인트이고 신뢰 수준은 95 %입니다.,설문 조사의 오차 범위는 3.1 % 포인트이고 신뢰 수준은 95 %입니다.,,18,21110.0,KBS World,0
240,[HEADLINE] Las regionales de 2018 registran la 2ª mayor participación de la historia,2018 지역 주민이 역사상 2 번째로 큰 참여를 기록합니다.,,2018년 지역들은 역사상 두 번째 높은 참여율을 기록하였다. ,13,96950.0,KBS World,40
241,"Las elecciones regionales del 13 de junio registraron una participación del 60,2%, según datos provisionales de la Comisión Nacional Electoral. ",6 월 13 일의 지방 선거는 전국 선거위원회 임시 자료에 따르면 60.2 %의 참여율을 기록했다. ,"전국 선거위원회의 사전조사에 따르면, 6 월 13 일의 지방 선거는 60.2 %의 참여율을 기록했다. ",,20,71260.0,KBS World,56
242,"Eso significa que de los 42.900.000 ciudadanos con derecho de sufragio, 25.840.000 votaron.","투표권이있는 42,900,000 명의 시민 중 25,840,000 명이 투표했습니다. ",,이는 유권자 4290만명 중 2584 만명이 투표하였음을 의미한다. ,13,113660.0,KBS World,66
243,"Dicha tasa es además la segunda más elevada de la historia después del 68,4% de los primeros comicios regionales celebrados en 1995. ",이 비율은 또한 1995 년에 열린 첫 번째 지방 선거의 68.4 % 이후 역사상 두 번째로 높습니다.,이 비율은 또한 1995 년에 열린 첫 번째 지방 선거의 68.4 % 이후 역사상 두 번째로 높습니다.,,22,58760.0,KBS World,0
244,"Este resultado contradice los pronósticos planteados antes de las elecciones, que vaticinaban una participación relativamente baja al desviarse la atención por la cumbre entre Corea del Norte y Estados Unidos, así como la ya anticipada supremacía del oficialismo sobre la oposición. ","이 결과는 선거 이전의 예측과 반대되는 것으로, 북한과 미국 간의 정상 회담과 반대파에 대한 여당의 예상이 이미 우세한 상황에서 상대적으로 낮은 참가율을 예상했다.",,"이 결과는 선거 이전에 제시한 예측과 반대된다. 야당에 대한 집권당의 패권을 비롯하여, 북미정상회담으로 관심을 우회하여 상대적으로 낮은 참여를 예상하였다. ",41,511870.0,KBS World,58
245,"No obstante, se analiza que el interés de la población en la política, que empezó a aumentar a partir de las protestas contra el gobierno de la ex presidenta Park Geun Hye, su destitución, y las elecciones presidenciales prematuras organizadas en mayo de 2017; ",그러나 2017 년 5 월 조직 된 박근혜 (朴 槿 惠) 전 (前) 대통령 정부의 해임과 해임과 대통령 선거에 대한 항의 시위에서부터 시작된 정치인들의 관심이 증가한 것으로 분석된다. ,"그러나 박근혜 (朴 槿 惠) 전 (前) 대통령의 탄핵과 그의 정부에 대한 항의 집회, 2017 년 5 월 조직 된 이른 대통령 선거부터 정치에 대한 대중의 관심이 증가하기 시작한 것으로 분석된다. ",,44,282390.0,KBS World,60
246,"se tradujo en altas tasas de participación electoral para las regionales, superando incluso el 20% en la votación anticipada. ",지방 선거 투표율이 높았고 조기 투표에서 20 %를 능가했다.,,"사전투표가 20%를 능가하면서, 지방선거 참여율이 높게 나타났다. ",19,92730.0,KBS World,78
247,"En tanto, en las legislativas parciales, que por primera vez en la historia tuvieron lugar simultáneamente a las regionales, la participación marcó el 60,7%, rebasando en gran medida el 53,9% de las últimas celebradas el 12 de abril del año pasado. ","한편, 역사상 처음으로 지역과 동시에 일어난 부분 입법부에서는 참여율이 60.7 %로 4 월 12 일의 53.9 %를 크게 웃돌았다 과거의","한편, 역사상 처음으로 전국 지방에서 동시에 실시한 중간 의회 선거의 투표율은 60.7 %로서, 작년 4 월 12 일의 53.9 %를 크게 웃돌았다.",,41,258870.0,KBS World,34
248,[HEADLINE] Comienza el recuento electoral,선거 재개가 시작됩니다.,,선거 개표 시작,5,110880.0,KBS World,46
249,"El recuento de votos para las séptimas elecciones regionales comenzó a las 18:30 h del miércoles 13, tras cerrar los centros electorales a las 18:00 h. ",제 7 회 지방 선거의 투표 수는 오후 6시에 투표소 폐쇄 후 수요일 13시 6시 30 분에 시작되었습니다.,제 7 회 지방 선거의 개표는 오후 6시에 투표소 폐쇄 후 13일 수요일 오후 6시 30 분에 시작되었습니다.,,26,44190.0,KBS World,16
250,"Según la Comisión Nacional Electoral, 78 mil contadores de votos, 12 mil observadores, 105 mil administradores y 2.500 máquinas para el recuento automatizado de papeletas han sido movilizados para el escrutinio a nivel nacional. ","전국 선거위원회 (National 선거위원회)에 따르면 78000 명의 투표자, 12000 명의 옵서버, 105000 명의 관리자 및 2,500 대의 자동 투표기가 전국 조사를 위해 동원되었습니다.",,"선거관리위원회에 따르면, 개표자는 7만 8천 개표자, 감시자 1만 2천명, 행정관 10만 5천명, 투표용지 자동개표를 위한 개표기 2500개가 전국적으로 집계에 동원되었다. ",34,261630.0,KBS World,72
251,"Las urnas para la votación anticipada, tanto en persona como por correo, ya fueron trasladadas a los centros de escrutinio escoltadas por los observadores, integrantes del comité electoral y agentes de la policía tras cerrar la votación, mientras que las urnas de hoy también fueron llevadas para el recuento bajo supervisión, tras ser selladas. ","개인 투표와 우편 투표로 투표소를 닫은 후에 옵서버, 선거 위원 및 경찰관이 호송 한 계산 센터로 이미이 투표 용지를 옮겨 놓은 투표 용지가 이미 옮겨졌습니다. 봉인 된 후 감독하에 카운팅하기 위해.","투표소를 닫은 후에, 개인과 우편을 통한 사전투표를 위한 투표함은 감시자, 선거위원, 경찰관이 호송한 집계센터로 이미 옮겨진 한편, 봉인 된 후 감독하에 개표를 위해 오늘 투표함을 운송하였다. ",,54,154060.0,KBS World,71
252,"Asimismo, un representante del comité electoral afirmó que para elevar la transparencia, los contadores verifican la cantidad de papeletas contabilizadas por las máquinas, y todo el proceso de escrutinio es supervisado por observadores seleccionados entre ciudadanos comunes con derecho a voto. ",또한 선거위원회 대표는 투명성을 높이기 위해 회계사들이 기계로 계산 한 투표 수를 확인하고 투표권을 가진 일반 시민들 중에서 선출 된 옵서버가 전체 조사 과정을 감독한다고 밝혔다.,,또한 선거위원회의 한 대표는 투명성을 높이기 위하여 개표자들이 기계로 계산한 투표 수를 확인하고 모든 집계 절차는 선거권을 가진 일반 시민들 가운데 선출된 감시자들이 감독하였다고 한다. ,41,148710.0,KBS World,42
253,"Se estima que, en algunas circunscripciones, se podrá saber quien ocupará los cargos a partir de las 22:30 h. ",일부 지구에서는 오후 10시 30 분에 시작하는 직책을 누가 차지할 지 알 수 있습니다.,일부 지구에서는 오후 10시 30 분부터 누가 새로운 직책을 차지하게 될 지 알 수 있을 것이다. ,,19,49320.0,KBS World,34